0,1,2,3,4,5,6,7,8,9,10,11,12,13,14,15,16,17,18,19,20,21,22,23,24,25,26,27,28,29,30,31,32,33,34,35,36,37,38,39,40,41,42,43,44,45,46,47,48,49,50,51,52,53,54,55,56,57,58,59,60,61,62,63,64,65,66,67,68,69,70,71,72,73,74,75,76,77,78,79,80,81,82,83,84,85,86,87,88,89,90,91,92,93,94,95,96,97,98,99,100,101,102,103,104,105,106,107,108,109,110,111,112,113,114,115,116,117,118,119,120,121,122,123,124,125,126,127,128,129,130,131,132,133,134,135,136,137,138,139,140,141,142,143,144,145,146,147,148,149
-inf,248.5292510986328,-inf,-inf,-inf,-inf,-inf,-inf,-inf,-inf,-inf,-inf,-inf,-inf,-inf,-inf,-inf,-inf,-inf,-inf,-inf,-inf,-inf,-inf,-inf,-inf,-inf,-inf,196.95321655273438,113.67987823486328,-inf,-inf,-inf,-inf,-inf,-inf,-inf,-inf,-inf,-inf,-inf,-inf,-inf,-inf,-inf,-inf,-inf,-inf,-inf,197.77577209472656,-inf,-inf,178.88900756835938,-inf,-inf,-inf,-inf,-inf,-inf,-inf,-inf,-inf,-inf,-inf,-inf,-inf,-inf,-inf,-inf,-inf,-inf,-inf,-inf,-inf,-inf,-inf,-inf,-inf,-inf,-inf,-inf,242.94583129882812,-inf,-inf,-inf,-inf,-inf,-inf,-inf,-inf,-inf,-inf,-inf,169.1832275390625,-inf,-inf,-inf,-inf,-inf,-inf,-inf,-inf,-inf,-inf,-inf,-inf,-inf,-inf,-inf,-inf,-inf,-inf,-inf,-inf,-inf,-inf,-inf,-inf,-inf,-inf,-inf,-inf,-inf,-inf,-inf,-inf,-inf,-inf,-inf,-inf,-inf,-inf,-inf,-inf,-inf,-inf,-inf,-inf,-inf,-inf,-inf,-inf,-inf,-inf,-inf,-inf,-inf,-inf,-inf,-inf
-inf,-inf,-inf,-inf,-inf,-inf,-inf,-inf,205.23622131347656,-inf,-inf,-inf,-inf,-inf,-inf,-inf,-inf,-inf,-inf,-inf,-inf,-inf,-inf,-inf,-inf,-inf,239.24424743652344,-inf,-inf,-inf,-inf,-inf,-inf,-inf,-inf,-inf,-inf,-inf,183.4010009765625,-inf,-inf,-inf,181.98703002929688,-inf,-inf,-inf,-inf,-inf,-inf,-inf,-inf,194.47312927246094,-inf,-inf,127.30828857421875,-inf,-inf,-inf,-inf,187.2484893798828,-inf,-inf,-inf,-inf,-inf,-inf,-inf,-inf,-inf,-inf,164.43199157714844,-inf,-inf,-inf,-inf,-inf,-inf,-inf,-inf,-inf,-inf,-inf,-inf,190.85560607910156,-inf,-inf,-inf,-inf,-inf,-inf,-inf,185.7371063232422,-inf,-inf,-inf,-inf,-inf,-inf,-inf,-inf,-inf,-inf,-inf,-inf,-inf,-inf,-inf,-inf,-inf,-inf,-inf,-inf,-inf,-inf,-inf,-inf,-inf,-inf,-inf,-inf,-inf,-inf,-inf,-inf,-inf,-inf,-inf,-inf,-inf,-inf,-inf,-inf,-inf,-inf,-inf,-inf,-inf,-inf,-inf,-inf,-inf,-inf,-inf,-inf,-inf,-inf,-inf,-inf,-inf,-inf
-inf,-inf,-inf,-inf,-inf,-inf,-inf,-inf,-inf,-inf,-inf,261.2740478515625,-inf,-inf,-inf,-inf,-inf,-inf,-inf,-inf,-inf,-inf,-inf,-inf,-inf,-inf,195.1150665283203,-inf,-inf,-inf,-inf,-inf,-inf,-inf,-inf,-inf,-inf,-inf,-inf,-inf,-inf,-inf,-inf,-inf,-inf,-inf,-inf,-inf,-inf,-inf,188.38821411132812,-inf,-inf,-inf,-inf,202.15447998046875,-inf,-inf,-inf,-inf,-inf,-inf,-inf,-inf,-inf,-inf,-inf,-inf,-inf,-inf,-inf,-inf,-inf,205.3961181640625,-inf,170.86328125,-inf,-inf,-inf,-inf,-inf,-inf,188.61923217773438,-inf,-inf,-inf,-inf,129.6773223876953,-inf,-inf,185.05099487304688,235.90199279785156,-inf,-inf,-inf,-inf,-inf,-inf,-inf,-inf,-inf,-inf,-inf,-inf,-inf,-inf,-inf,-inf,-inf,-inf,-inf,-inf,-inf,-inf,-inf,-inf,-inf,-inf,-inf,-inf,-inf,-inf,-inf,-inf,-inf,-inf,-inf,-inf,-inf,-inf,-inf,-inf,-inf,-inf,-inf,-inf,-inf,-inf,-inf,-inf,-inf,-inf,-inf,-inf,-inf,-inf,-inf,-inf,-inf,-inf
-inf,-inf,-inf,-inf,-inf,-inf,-inf,-inf,-inf,-inf,-inf,-inf,-inf,-inf,171.5749969482422,-inf,-inf,-inf,207.18406677246094,-inf,-inf,-inf,-inf,-inf,-inf,-inf,-inf,-inf,-inf,-inf,181.1853790283203,-inf,-inf,-inf,129.7560272216797,-inf,-inf,-inf,-inf,166.88157653808594,-inf,-inf,-inf,-inf,-inf,-inf,-inf,-inf,-inf,-inf,-inf,-inf,-inf,-inf,-inf,-inf,-inf,-inf,-inf,-inf,204.02976989746094,-inf,-inf,187.0473175048828,-inf,-inf,178.4021759033203,-inf,-inf,-inf,-inf,-inf,-inf,-inf,-inf,-inf,-inf,-inf,215.6778106689453,-inf,-inf,-inf,-inf,-inf,-inf,-inf,-inf,-inf,-inf,-inf,-inf,-inf,-inf,-inf,-inf,180.19703674316406,-inf,-inf,-inf,-inf,-inf,-inf,-inf,-inf,-inf,-inf,-inf,-inf,-inf,-inf,-inf,-inf,-inf,-inf,-inf,-inf,-inf,-inf,-inf,-inf,-inf,-inf,-inf,-inf,-inf,-inf,-inf,-inf,-inf,-inf,-inf,-inf,-inf,-inf,-inf,-inf,-inf,-inf,-inf,-inf,-inf,-inf,-inf,-inf,-inf,-inf,-inf,-inf,-inf,-inf
-inf,-inf,-inf,-inf,-inf,-inf,-inf,-inf,140.03868103027344,-inf,-inf,-inf,168.03677368164062,-inf,-inf,-inf,-inf,-inf,-inf,-inf,-inf,-inf,-inf,-inf,-inf,189.6302490234375,-inf,-inf,218.98472595214844,-inf,-inf,-inf,-inf,-inf,-inf,-inf,-inf,-inf,-inf,-inf,-inf,-inf,-inf,-inf,-inf,-inf,-inf,-inf,-inf,-inf,-inf,-inf,-inf,-inf,-inf,-inf,-inf,-inf,-inf,-inf,-inf,-inf,-inf,-inf,-inf,181.69052124023438,-inf,-inf,-inf,-inf,-inf,-inf,120.92083740234375,-inf,-inf,-inf,185.45327758789062,-inf,-inf,-inf,-inf,-inf,-inf,-inf,-inf,-inf,-inf,-inf,170.702392578125,-inf,-inf,-inf,-inf,-inf,-inf,-inf,-inf,170.9488067626953,230.0509490966797,-inf,-inf,-inf,-inf,-inf,-inf,-inf,-inf,-inf,-inf,-inf,-inf,-inf,-inf,-inf,-inf,-inf,-inf,-inf,-inf,-inf,-inf,-inf,-inf,-inf,-inf,-inf,-inf,-inf,-inf,-inf,-inf,-inf,-inf,-inf,-inf,-inf,-inf,-inf,-inf,-inf,-inf,-inf,-inf,-inf,-inf,-inf,-inf,-inf,-inf,-inf
-inf,-inf,-inf,-inf,-inf,-inf,-inf,-inf,-inf,-inf,-inf,-inf,-inf,-inf,-inf,-inf,-inf,-inf,-inf,-inf,-inf,-inf,-inf,-inf,-inf,-inf,-inf,-inf,-inf,-inf,196.28321838378906,-inf,-inf,-inf,-inf,187.33912658691406,-inf,-inf,-inf,-inf,-inf,-inf,-inf,192.60836791992188,-inf,-inf,143.37278747558594,-inf,-inf,-inf,-inf,-inf,-inf,-inf,-inf,-inf,-inf,-inf,211.82785034179688,-inf,-inf,-inf,-inf,-inf,-inf,-inf,-inf,-inf,-inf,-inf,-inf,-inf,-inf,-inf,-inf,186.89044189453125,-inf,-inf,-inf,-inf,-inf,-inf,-inf,-inf,-inf,-inf,-inf,-inf,-inf,-inf,238.73626708984375,-inf,-inf,-inf,-inf,-inf,-inf,-inf,-inf,174.48385620117188,-inf,-inf,-inf,-inf,-inf,-inf,-inf,-inf,-inf,-inf,-inf,-inf,-inf,-inf,-inf,-inf,-inf,-inf,-inf,-inf,-inf,-inf,-inf,-inf,-inf,-inf,-inf,-inf,-inf,-inf,-inf,-inf,-inf,-inf,-inf,-inf,-inf,-inf,-inf,-inf,-inf,-inf,-inf,-inf,-inf,-inf,-inf,-inf,-inf,-inf
-inf,-inf,-inf,-inf,-inf,-inf,-inf,-inf,-inf,-inf,-inf,-inf,-inf,-inf,-inf,-inf,-inf,-inf,-inf,-inf,-inf,-inf,-inf,-inf,-inf,-inf,-inf,-inf,137.4188232421875,192.89718627929688,-inf,-inf,-inf,-inf,-inf,-inf,-inf,-inf,-inf,-inf,-inf,-inf,-inf,-inf,-inf,-inf,-inf,-inf,-inf,-inf,-inf,-inf,-inf,-inf,-inf,-inf,245.33901977539062,-inf,-inf,-inf,113.9787368774414,-inf,-inf,-inf,-inf,-inf,-inf,-inf,-inf,190.90109252929688,-inf,-inf,-inf,-inf,-inf,-inf,172.9734649658203,-inf,-inf,-inf,-inf,-inf,-inf,-inf,-inf,-inf,-inf,-inf,192.4628448486328,-inf,-inf,-inf,-inf,-inf,-inf,-inf,-inf,-inf,-inf,-inf,-inf,-inf,-inf,-inf,-inf,-inf,-inf,-inf,-inf,-inf,-inf,-inf,-inf,-inf,-inf,-inf,-inf,-inf,-inf,-inf,-inf,-inf,-inf,-inf,-inf,-inf,-inf,-inf,-inf,-inf,-inf,-inf,-inf,-inf,-inf,-inf,-inf,-inf,-inf,-inf,-inf,-inf,-inf,-inf,-inf,-inf,-inf,-inf,-inf,-inf
-inf,-inf,-inf,-inf,-inf,-inf,-inf,189.6138153076172,-inf,-inf,178.2421417236328,-inf,-inf,-inf,122.51409149169922,-inf,-inf,-inf,-inf,-inf,-inf,-inf,-inf,-inf,-inf,-inf,-inf,-inf,-inf,-inf,160.76173400878906,-inf,-inf,-inf,-inf,-inf,-inf,-inf,-inf,-inf,-inf,-inf,-inf,-inf,-inf,-inf,192.4314422607422,167.76583862304688,-inf,-inf,-inf,-inf,-inf,-inf,-inf,-inf,-inf,-inf,259.625732421875,-inf,-inf,-inf,-inf,-inf,-inf,-inf,-inf,-inf,-inf,-inf,-inf,-inf,-inf,-inf,-inf,-inf,-inf,-inf,144.75941467285156,-inf,-inf,-inf,-inf,-inf,-inf,-inf,-inf,-inf,-inf,-inf,222.62640380859375,-inf,-inf,-inf,-inf,-inf,-inf,-inf,-inf,-inf,209.81484985351562,199.6345672607422,196.10226440429688,204.95973205566406,193.87728881835938,-inf,-inf,-inf,-inf,-inf,-inf,-inf,-inf,-inf,-inf,-inf,-inf,-inf,-inf,-inf,-inf,-inf,-inf,-inf,-inf,-inf,-inf,-inf,-inf,-inf,-inf,-inf,-inf,-inf,-inf,-inf,-inf,-inf,-inf,-inf,-inf,-inf,-inf,-inf,-inf,-inf,-inf,-inf,-inf,-inf
-inf,-inf,-inf,-inf,-inf,173.8415985107422,-inf,-inf,-inf,-inf,-inf,-inf,-inf,-inf,-inf,-inf,238.25469970703125,-inf,-inf,-inf,-inf,-inf,-inf,-inf,-inf,-inf,-inf,-inf,-inf,177.26873779296875,-inf,-inf,188.09487915039062,-inf,-inf,-inf,-inf,-inf,-inf,-inf,-inf,-inf,-inf,-inf,-inf,-inf,-inf,-inf,-inf,-inf,-inf,-inf,-inf,-inf,-inf,-inf,-inf,-inf,-inf,-inf,-inf,-inf,-inf,-inf,265.74420166015625,-inf,-inf,-inf,-inf,179.6508026123047,-inf,-inf,-inf,-inf,-inf,-inf,-inf,-inf,-inf,-inf,-inf,-inf,-inf,-inf,186.56744384765625,-inf,-inf,-inf,-inf,-inf,-inf,-inf,-inf,-inf,-inf,-inf,-inf,-inf,-inf,-inf,-inf,-inf,-inf,-inf,-inf,-inf,-inf,-inf,-inf,-inf,-inf,-inf,-inf,-inf,-inf,-inf,-inf,-inf,-inf,-inf,-inf,-inf,-inf,-inf,-inf,-inf,-inf,-inf,-inf,-inf,-inf,-inf,-inf,-inf,-inf,-inf,-inf,-inf,-inf,-inf,-inf,-inf,-inf,-inf,-inf,-inf,-inf,-inf,-inf,-inf
181.74229431152344,-inf,-inf,-inf,-inf,-inf,-inf,-inf,-inf,-inf,-inf,-inf,-inf,-inf,-inf,-inf,-inf,196.43115234375,-inf,-inf,171.67860412597656,-inf,-inf,-inf,-inf,-inf,-inf,-inf,-inf,-inf,-inf,-inf,-inf,-inf,-inf,-inf,-inf,-inf,-inf,-inf,-inf,-inf,-inf,-inf,-inf,-inf,-inf,-inf,-inf,-inf,-inf,-inf,-inf,-inf,-inf,-inf,-inf,176.8585968017578,-inf,-inf,-inf,-inf,-inf,-inf,160.3311004638672,-inf,-inf,-inf,127.74081420898438,-inf,-inf,-inf,-inf,-inf,-inf,-inf,-inf,-inf,-inf,-inf,205.4542694091797,-inf,-inf,-inf,-inf,-inf,-inf,-inf,-inf,-inf,-inf,-inf,-inf,-inf,-inf,-inf,232.9133758544922,-inf,-inf,-inf,-inf,-inf,-inf,-inf,-inf,-inf,-inf,-inf,-inf,-inf,-inf,-inf,-inf,-inf,-inf,-inf,-inf,-inf,-inf,-inf,-inf,-inf,-inf,-inf,-inf,-inf,-inf,-inf,-inf,-inf,-inf,-inf,-inf,-inf,-inf,-inf,-inf,-inf,-inf,-inf,-inf,-inf,-inf,-inf,-inf,-inf,-inf,-inf,-inf,-inf
-inf,-inf,-inf,-inf,-inf,-inf,-inf,-inf,-inf,-inf,-inf,-inf,-inf,-inf,176.6382598876953,-inf,-inf,-inf,-inf,187.5558624267578,-inf,-inf,-inf,-inf,-inf,-inf,-inf,-inf,-inf,-inf,-inf,-inf,-inf,-inf,-inf,-inf,-inf,-inf,-inf,-inf,-inf,-inf,-inf,182.2676239013672,-inf,-inf,120.40081787109375,-inf,-inf,-inf,238.3626708984375,177.92466735839844,-inf,-inf,-inf,-inf,-inf,-inf,-inf,-inf,-inf,-inf,-inf,-inf,-inf,-inf,-inf,-inf,-inf,-inf,-inf,-inf,-inf,-inf,-inf,-inf,-inf,-inf,-inf,-inf,-inf,-inf,205.7906494140625,-inf,-inf,-inf,-inf,-inf,-inf,-inf,-inf,-inf,-inf,-inf,-inf,-inf,-inf,-inf,245.76438903808594,-inf,-inf,-inf,-inf,-inf,-inf,-inf,-inf,-inf,-inf,-inf,-inf,-inf,-inf,-inf,-inf,-inf,-inf,-inf,-inf,-inf,-inf,-inf,-inf,-inf,-inf,-inf,-inf,-inf,-inf,-inf,-inf,-inf,-inf,-inf,-inf,-inf,-inf,-inf,-inf,-inf,-inf,-inf,-inf,-inf,-inf,-inf,-inf,-inf,-inf,-inf
-inf,-inf,-inf,-inf,-inf,-inf,-inf,-inf,-inf,184.2959747314453,-inf,-inf,130.24855041503906,-inf,-inf,-inf,-inf,-inf,-inf,-inf,-inf,-inf,-inf,-inf,188.74774169921875,-inf,-inf,-inf,-inf,-inf,-inf,-inf,-inf,-inf,-inf,-inf,-inf,-inf,-inf,-inf,-inf,-inf,-inf,-inf,-inf,-inf,-inf,-inf,-inf,-inf,-inf,-inf,-inf,-inf,-inf,-inf,-inf,-inf,-inf,-inf,196.7615203857422,-inf,-inf,-inf,-inf,-inf,-inf,-inf,-inf,-inf,-inf,-inf,189.95126342773438,164.99806213378906,-inf,-inf,-inf,-inf,-inf,-inf,-inf,-inf,-inf,-inf,-inf,-inf,-inf,-inf,-inf,-inf,-inf,-inf,-inf,-inf,-inf,-inf,-inf,-inf,-inf,-inf,-inf,-inf,-inf,-inf,-inf,-inf,-inf,-inf,-inf,-inf,-inf,-inf,-inf,-inf,-inf,-inf,-inf,-inf,-inf,-inf,-inf,-inf,-inf,-inf,-inf,-inf,-inf,-inf,-inf,-inf,-inf,-inf,-inf,-inf,-inf,-inf,-inf,-inf,-inf,-inf,-inf,-inf,-inf,-inf,-inf,-inf,-inf,-inf,-inf,-inf
-inf,-inf,-inf,-inf,-inf,-inf,-inf,-inf,-inf,-inf,169.46888732910156,-inf,-inf,-inf,-inf,-inf,-inf,-inf,-inf,-inf,-inf,-inf,-inf,-inf,-inf,-inf,209.0235137939453,-inf,219.4849395751953,-inf,-inf,-inf,-inf,-inf,-inf,-inf,-inf,-inf,-inf,194.71133422851562,-inf,-inf,191.81539916992188,-inf,-inf,-inf,-inf,-inf,-inf,-inf,-inf,-inf,-inf,-inf,-inf,-inf,-inf,-inf,-inf,-inf,-inf,-inf,171.24790954589844,-inf,-inf,-inf,-inf,-inf,-inf,-inf,-inf,191.00274658203125,-inf,-inf,250.04940795898438,-inf,-inf,-inf,-inf,183.7293701171875,-inf,-inf,-inf,-inf,-inf,-inf,-inf,-inf,-inf,-inf,-inf,-inf,-inf,-inf,179.77720642089844,-inf,-inf,-inf,-inf,-inf,259.92724609375,261.458251953125,261.9604797363281,259.3710021972656,257.65643310546875,-inf,-inf,-inf,-inf,-inf,-inf,-inf,-inf,-inf,-inf,-inf,-inf,-inf,-inf,-inf,-inf,-inf,-inf,-inf,-inf,-inf,-inf,-inf,-inf,-inf,-inf,-inf,-inf,-inf,-inf,-inf,-inf,-inf,-inf,-inf,-inf,-inf,-inf,-inf,-inf,-inf,-inf,-inf,-inf,-inf
-inf,-inf,-inf,-inf,-inf,-inf,-inf,-inf,-inf,-inf,-inf,-inf,-inf,-inf,-inf,-inf,-inf,-inf,-inf,-inf,-inf,-inf,-inf,-inf,-inf,-inf,-inf,-inf,-inf,211.48143005371094,-inf,-inf,-inf,-inf,-inf,-inf,-inf,-inf,-inf,-inf,-inf,-inf,-inf,-inf,-inf,255.31390380859375,-inf,-inf,-inf,-inf,-inf,-inf,182.09991455078125,-inf,-inf,-inf,-inf,-inf,-inf,-inf,195.9072723388672,-inf,-inf,226.18536376953125,-inf,176.29896545410156,-inf,-inf,-inf,-inf,-inf,-inf,-inf,-inf,-inf,-inf,-inf,-inf,-inf,-inf,-inf,108.79266357421875,-inf,-inf,191.4764862060547,-inf,-inf,-inf,-inf,-inf,-inf,-inf,189.63970947265625,-inf,-inf,-inf,-inf,-inf,-inf,-inf,-inf,-inf,-inf,-inf,-inf,-inf,-inf,-inf,-inf,-inf,-inf,-inf,-inf,-inf,-inf,-inf,-inf,-inf,-inf,-inf,-inf,-inf,-inf,-inf,-inf,-inf,-inf,-inf,-inf,-inf,-inf,-inf,-inf,-inf,-inf,-inf,-inf,-inf,-inf,-inf,-inf,-inf,-inf,-inf,-inf,-inf,-inf,-inf,-inf,-inf
-inf,-inf,-inf,-inf,-inf,-inf,-inf,171.67201232910156,-inf,-inf,-inf,-inf,-inf,-inf,-inf,-inf,-inf,-inf,-inf,182.02830505371094,-inf,-inf,-inf,-inf,-inf,-inf,-inf,-inf,-inf,-inf,-inf,-inf,-inf,-inf,-inf,-inf,-inf,-inf,-inf,-inf,-inf,-inf,184.0095672607422,-inf,-inf,-inf,-inf,-inf,-inf,-inf,-inf,-inf,-inf,-inf,-inf,199.92770385742188,-inf,-inf,-inf,-inf,-inf,-inf,-inf,-inf,-inf,-inf,-inf,206.66355895996094,-inf,-inf,-inf,-inf,-inf,-inf,193.21975708007812,-inf,-inf,-inf,-inf,-inf,-inf,-inf,182.988525390625,-inf,-inf,-inf,-inf,136.28273010253906,-inf,-inf,-inf,-inf,-inf,-inf,-inf,-inf,-inf,-inf,-inf,-inf,-inf,-inf,-inf,-inf,-inf,-inf,-inf,-inf,-inf,-inf,-inf,-inf,-inf,-inf,-inf,-inf,-inf,-inf,-inf,-inf,-inf,-inf,-inf,-inf,-inf,-inf,-inf,-inf,-inf,-inf,-inf,-inf,-inf,-inf,-inf,-inf,-inf,-inf,-inf,-inf,-inf,-inf,-inf,-inf,-inf,-inf,-inf,-inf,-inf,-inf
-inf,-inf,204.38876342773438,-inf,-inf,-inf,-inf,-inf,-inf,-inf,-inf,-inf,-inf,-inf,-inf,-inf,-inf,-inf,-inf,189.10960388183594,-inf,-inf,-inf,-inf,-inf,-inf,-inf,-inf,-inf,-inf,161.09803771972656,-inf,-inf,-inf,-inf,-inf,-inf,-inf,-inf,-inf,-inf,-inf,-inf,-inf,-inf,-inf,-inf,-inf,-inf,-inf,133.4246368408203,175.5052490234375,-inf,-inf,-inf,-inf,210.02159118652344,-inf,-inf,-inf,-inf,-inf,-inf,-inf,-inf,-inf,-inf,-inf,-inf,-inf,-inf,-inf,-inf,-inf,-inf,-inf,-inf,-inf,-inf,-inf,-inf,-inf,196.2365264892578,-inf,-inf,-inf,-inf,-inf,-inf,-inf,-inf,-inf,-inf,-inf,198.09652709960938,-inf,-inf,-inf,163.6609344482422,-inf,-inf,-inf,-inf,-inf,-inf,-inf,-inf,-inf,-inf,-inf,-inf,-inf,-inf,-inf,-inf,-inf,-inf,-inf,-inf,-inf,-inf,-inf,-inf,-inf,-inf,-inf,-inf,-inf,-inf,-inf,-inf,-inf,-inf,-inf,-inf,-inf,-inf,-inf,-inf,-inf,-inf,-inf,-inf,-inf,-inf,-inf,-inf,-inf,-inf,-inf
-inf,194.04278564453125,-inf,-inf,-inf,-inf,-inf,-inf,174.22125244140625,-inf,-inf,-inf,167.35501098632812,-inf,-inf,-inf,-inf,-inf,-inf,-inf,-inf,-inf,-inf,-inf,-inf,-inf,-inf,-inf,-inf,-inf,-inf,-inf,-inf,-inf,-inf,-inf,-inf,-inf,-inf,-inf,237.79458618164062,175.03509521484375,180.54208374023438,-inf,-inf,-inf,-inf,-inf,-inf,199.15353393554688,-inf,-inf,-inf,-inf,-inf,-inf,-inf,-inf,-inf,-inf,200.55787658691406,-inf,-inf,-inf,-inf,-inf,-inf,-inf,-inf,-inf,-inf,-inf,211.90377807617188,-inf,-inf,-inf,125.76189422607422,-inf,-inf,-inf,-inf,-inf,-inf,-inf,-inf,-inf,-inf,-inf,-inf,-inf,-inf,-inf,-inf,-inf,-inf,-inf,-inf,190.1161346435547,-inf,-inf,231.11325073242188,233.66761779785156,229.2625274658203,235.61495971679688,-inf,-inf,-inf,-inf,-inf,-inf,-inf,-inf,-inf,-inf,-inf,-inf,-inf,-inf,-inf,-inf,-inf,-inf,-inf,-inf,-inf,-inf,-inf,-inf,-inf,-inf,-inf,-inf,-inf,-inf,-inf,-inf,-inf,-inf,-inf,-inf,-inf,-inf,-inf,-inf,-inf,-inf,-inf,-inf,-inf,-inf
-inf,-inf,-inf,-inf,-inf,-inf,200.59750366210938,-inf,-inf,-inf,-inf,-inf,-inf,230.64065551757812,-inf,-inf,-inf,-inf,-inf,-inf,-inf,-inf,-inf,-inf,-inf,-inf,-inf,-inf,-inf,-inf,175.35169982910156,-inf,-inf,-inf,-inf,-inf,-inf,-inf,-inf,-inf,-inf,-inf,-inf,-inf,-inf,-inf,-inf,162.3514862060547,-inf,-inf,-inf,-inf,-inf,-inf,-inf,-inf,-inf,-inf,-inf,197.42477416992188,-inf,-inf,-inf,-inf,-inf,-inf,-inf,-inf,-inf,-inf,-inf,-inf,-inf,-inf,-inf,-inf,-inf,-inf,-inf,216.76715087890625,-inf,-inf,-inf,-inf,-inf,-inf,185.08595275878906,-inf,-inf,-inf,-inf,240.51783752441406,-inf,-inf,185.72195434570312,-inf,-inf,-inf,-inf,-inf,242.748779296875,242.28448486328125,246.35604858398438,246.21328735351562,248.6679229736328,243.694091796875,241.4414825439453,-inf,-inf,-inf,-inf,-inf,-inf,-inf,-inf,-inf,-inf,-inf,-inf,-inf,-inf,-inf,-inf,-inf,-inf,-inf,-inf,-inf,-inf,-inf,-inf,-inf,-inf,-inf,-inf,-inf,-inf,-inf,-inf,-inf,-inf,-inf,-inf,-inf,-inf,-inf,-inf,-inf,-inf,-inf
-inf,-inf,165.1893768310547,-inf,-inf,-inf,-inf,-inf,-inf,-inf,-inf,-inf,-inf,-inf,-inf,-inf,-inf,-inf,-inf,-inf,-inf,-inf,-inf,-inf,-inf,-inf,-inf,-inf,-inf,-inf,-inf,142.14930725097656,-inf,-inf,172.35955810546875,-inf,-inf,-inf,-inf,-inf,-inf,-inf,-inf,168.18109130859375,-inf,-inf,-inf,-inf,-inf,-inf,-inf,-inf,-inf,-inf,-inf,-inf,-inf,-inf,-inf,-inf,-inf,-inf,-inf,-inf,-inf,-inf,-inf,-inf,-inf,-inf,-inf,-inf,-inf,-inf,-inf,-inf,-inf,-inf,-inf,159.7576446533203,-inf,-inf,-inf,-inf,-inf,-inf,-inf,-inf,-inf,-inf,-inf,193.05870056152344,-inf,-inf,-inf,-inf,-inf,-inf,-inf,-inf,-inf,-inf,-inf,-inf,-inf,-inf,-inf,-inf,-inf,-inf,-inf,-inf,-inf,-inf,-inf,-inf,-inf,-inf,-inf,-inf,-inf,-inf,-inf,-inf,-inf,-inf,-inf,-inf,-inf,-inf,-inf,-inf,-inf,-inf,-inf,-inf,-inf,-inf,-inf,-inf,-inf,-inf,-inf,-inf,-inf,-inf,-inf,-inf,-inf,-inf
-inf,-inf,-inf,-inf,-inf,-inf,-inf,232.8893585205078,-inf,-inf,176.87216186523438,-inf,-inf,-inf,-inf,-inf,-inf,-inf,175.67300415039062,-inf,-inf,-inf,-inf,-inf,-inf,-inf,-inf,-inf,-inf,-inf,-inf,-inf,-inf,-inf,-inf,-inf,-inf,-inf,-inf,-inf,-inf,-inf,-inf,-inf,-inf,-inf,-inf,-inf,-inf,-inf,-inf,-inf,-inf,-inf,-inf,-inf,-inf,-inf,-inf,173.9811248779297,-inf,-inf,-inf,-inf,-inf,-inf,-inf,-inf,-inf,-inf,-inf,-inf,-inf,-inf,-inf,-inf,-inf,-inf,-inf,-inf,-inf,-inf,193.5270233154297,-inf,-inf,-inf,-inf,239.73867797851562,-inf,-inf,-inf,139.1442108154297,-inf,-inf,-inf,-inf,-inf,-inf,-inf,-inf,-inf,-inf,-inf,-inf,-inf,-inf,-inf,-inf,-inf,-inf,-inf,-inf,-inf,-inf,-inf,-inf,-inf,-inf,-inf,-inf,-inf,-inf,-inf,-inf,-inf,-inf,-inf,-inf,-inf,-inf,-inf,-inf,-inf,-inf,-inf,-inf,-inf,-inf,-inf,-inf,-inf,-inf,-inf,-inf,-inf,-inf,-inf,-inf,-inf,-inf
-inf,-inf,-inf,-inf,-inf,-inf,-inf,-inf,-inf,-inf,-inf,-inf,-inf,-inf,197.256591796875,-inf,141.08572387695312,-inf,-inf,-inf,160.86367797851562,186.58909606933594,-inf,-inf,-inf,-inf,-inf,-inf,-inf,-inf,-inf,-inf,202.51878356933594,-inf,-inf,-inf,-inf,-inf,-inf,-inf,-inf,-inf,-inf,-inf,-inf,-inf,-inf,-inf,-inf,-inf,-inf,-inf,216.12701416015625,-inf,-inf,-inf,-inf,-inf,-inf,-inf,-inf,181.6321258544922,-inf,-inf,167.64080810546875,-inf,-inf,-inf,-inf,-inf,-inf,-inf,-inf,-inf,-inf,-inf,-inf,-inf,176.50758361816406,-inf,-inf,-inf,-inf,-inf,199.79673767089844,-inf,-inf,-inf,-inf,-inf,-inf,-inf,-inf,-inf,-inf,-inf,-inf,-inf,-inf,-inf,244.93313598632812,248.5991668701172,250.5643768310547,251.7085723876953,248.6709442138672,253.52987670898438,246.7572021484375,-inf,-inf,-inf,-inf,-inf,-inf,-inf,-inf,-inf,-inf,-inf,-inf,-inf,-inf,-inf,-inf,-inf,-inf,-inf,-inf,-inf,-inf,-inf,-inf,-inf,-inf,-inf,-inf,-inf,-inf,-inf,-inf,-inf,-inf,-inf,-inf,-inf,-inf,-inf,-inf,-inf,-inf,-inf
-inf,-inf,-inf,-inf,-inf,-inf,196.01368713378906,-inf,-inf,-inf,-inf,191.28651428222656,-inf,-inf,-inf,-inf,-inf,-inf,-inf,-inf,-inf,-inf,-inf,-inf,223.65713500976562,-inf,-inf,-inf,-inf,-inf,-inf,-inf,-inf,-inf,-inf,-inf,-inf,-inf,-inf,-inf,-inf,-inf,-inf,-inf,-inf,-inf,-inf,-inf,-inf,-inf,-inf,-inf,-inf,-inf,238.78665161132812,-inf,-inf,-inf,167.1929473876953,-inf,-inf,-inf,-inf,-inf,-inf,-inf,-inf,-inf,-inf,-inf,-inf,-inf,-inf,-inf,-inf,-inf,-inf,-inf,-inf,-inf,-inf,-inf,-inf,186.8568878173828,-inf,-inf,189.12149047851562,-inf,-inf,-inf,174.02662658691406,-inf,-inf,-inf,-inf,-inf,-inf,-inf,-inf,-inf,-inf,-inf,-inf,-inf,-inf,-inf,-inf,-inf,-inf,-inf,-inf,-inf,-inf,-inf,-inf,-inf,-inf,-inf,-inf,-inf,-inf,-inf,-inf,-inf,-inf,-inf,-inf,-inf,-inf,-inf,-inf,-inf,-inf,-inf,-inf,-inf,-inf,-inf,-inf,-inf,-inf,-inf,-inf,-inf,-inf,-inf,-inf,-inf,-inf,-inf
-inf,-inf,-inf,-inf,-inf,125.18135833740234,-inf,-inf,-inf,-inf,-inf,-inf,-inf,-inf,-inf,-inf,-inf,-inf,-inf,-inf,-inf,140.02490234375,-inf,-inf,-inf,-inf,-inf,-inf,191.9964599609375,-inf,-inf,-inf,-inf,-inf,-inf,-inf,-inf,207.40745544433594,-inf,-inf,-inf,173.4930419921875,-inf,-inf,-inf,-inf,-inf,-inf,-inf,-inf,-inf,-inf,-inf,-inf,-inf,-inf,-inf,-inf,-inf,-inf,195.75523376464844,-inf,-inf,-inf,-inf,-inf,-inf,-inf,-inf,160.2447967529297,-inf,-inf,-inf,244.005615234375,-inf,-inf,-inf,-inf,-inf,-inf,-inf,-inf,-inf,-inf,-inf,-inf,-inf,-inf,-inf,-inf,-inf,-inf,188.01170349121094,-inf,-inf,-inf,-inf,-inf,-inf,-inf,-inf,-inf,-inf,-inf,-inf,-inf,-inf,-inf,-inf,-inf,-inf,-inf,-inf,-inf,-inf,-inf,-inf,-inf,-inf,-inf,-inf,-inf,-inf,-inf,-inf,-inf,-inf,-inf,-inf,-inf,-inf,-inf,-inf,-inf,-inf,-inf,-inf,-inf,-inf,-inf,-inf,-inf,-inf,-inf,-inf,-inf,-inf,-inf,-inf,-inf
-inf,-inf,-inf,-inf,-inf,-inf,-inf,-inf,-inf,-inf,137.85140991210938,-inf,-inf,-inf,166.74940490722656,-inf,-inf,-inf,-inf,-inf,-inf,-inf,-inf,-inf,-inf,-inf,-inf,-inf,-inf,-inf,193.4076385498047,-inf,-inf,-inf,-inf,-inf,-inf,-inf,-inf,-inf,-inf,-inf,-inf,-inf,-inf,-inf,-inf,-inf,-inf,-inf,-inf,-inf,-inf,-inf,-inf,-inf,-inf,-inf,195.64181518554688,187.68992614746094,-inf,-inf,-inf,-inf,-inf,-inf,-inf,168.31858825683594,-inf,-inf,-inf,-inf,-inf,-inf,123.40957641601562,-inf,-inf,-inf,189.0494384765625,-inf,-inf,-inf,-inf,-inf,-inf,-inf,-inf,-inf,-inf,-inf,-inf,191.8978271484375,-inf,-inf,-inf,-inf,-inf,-inf,-inf,-inf,231.01968383789062,226.32943725585938,226.19435119628906,232.01425170898438,227.12637329101562,231.7503204345703,217.57772827148438,234.0275115966797,220.725341796875,226.5631561279297,230.03639221191406,-inf,-inf,-inf,-inf,-inf,-inf,-inf,-inf,-inf,-inf,-inf,-inf,-inf,-inf,-inf,-inf,-inf,-inf,-inf,-inf,-inf,-inf,-inf,-inf,-inf,-inf,-inf,-inf,-inf,-inf,-inf,-inf,-inf,-inf,-inf,-inf,-inf,-inf,-inf
-inf,-inf,-inf,-inf,-inf,-inf,-inf,189.32455444335938,-inf,-inf,-inf,-inf,-inf,-inf,-inf,-inf,-inf,-inf,-inf,-inf,-inf,-inf,196.5975341796875,-inf,-inf,-inf,-inf,-inf,-inf,-inf,-inf,-inf,-inf,-inf,-inf,-inf,-inf,-inf,261.95843505859375,-inf,-inf,-inf,136.9586944580078,-inf,-inf,-inf,-inf,-inf,-inf,-inf,-inf,-inf,197.6604766845703,-inf,-inf,-inf,-inf,-inf,-inf,-inf,-inf,-inf,-inf,-inf,-inf,-inf,-inf,-inf,-inf,-inf,200.72225952148438,-inf,-inf,-inf,174.62332153320312,-inf,-inf,-inf,-inf,171.15652465820312,-inf,-inf,-inf,-inf,-inf,-inf,-inf,-inf,-inf,-inf,-inf,-inf,-inf,-inf,-inf,-inf,-inf,-inf,-inf,-inf,-inf,-inf,-inf,-inf,-inf,-inf,-inf,-inf,-inf,-inf,-inf,-inf,-inf,-inf,-inf,-inf,-inf,-inf,-inf,-inf,-inf,-inf,-inf,-inf,-inf,-inf,-inf,-inf,-inf,-inf,-inf,-inf,-inf,-inf,-inf,-inf,-inf,-inf,-inf,-inf,-inf,-inf,-inf,-inf,-inf,-inf,-inf,-inf,-inf,-inf
-inf,-inf,-inf,183.4449462890625,-inf,-inf,-inf,-inf,-inf,-inf,-inf,-inf,-inf,-inf,164.509521484375,-inf,-inf,-inf,-inf,-inf,-inf,-inf,-inf,-inf,-inf,-inf,-inf,-inf,-inf,-inf,199.9930877685547,-inf,-inf,-inf,151.6754150390625,-inf,-inf,-inf,-inf,-inf,-inf,-inf,-inf,-inf,-inf,-inf,218.86285400390625,-inf,-inf,-inf,-inf,-inf,-inf,-inf,-inf,-inf,-inf,-inf,-inf,177.37962341308594,-inf,-inf,-inf,-inf,-inf,-inf,-inf,-inf,-inf,-inf,-inf,-inf,-inf,-inf,-inf,-inf,-inf,-inf,189.34678649902344,-inf,-inf,-inf,-inf,-inf,-inf,-inf,-inf,-inf,-inf,-inf,-inf,-inf,-inf,-inf,-inf,-inf,-inf,-inf,-inf,192.99905395507812,232.57009887695312,227.7737274169922,230.7584686279297,225.381591796875,228.04307556152344,-inf,-inf,-inf,-inf,-inf,-inf,-inf,-inf,-inf,-inf,-inf,-inf,-inf,-inf,-inf,-inf,-inf,-inf,-inf,-inf,-inf,-inf,-inf,-inf,-inf,-inf,-inf,-inf,-inf,-inf,-inf,-inf,-inf,-inf,-inf,-inf,-inf,-inf,-inf,-inf,-inf,-inf,-inf,-inf,-inf
-inf,-inf,-inf,-inf,-inf,-inf,-inf,-inf,-inf,-inf,-inf,-inf,-inf,-inf,193.28359985351562,-inf,-inf,-inf,-inf,-inf,-inf,-inf,170.89639282226562,130.7569580078125,-inf,-inf,-inf,-inf,-inf,-inf,-inf,-inf,-inf,-inf,-inf,-inf,-inf,-inf,-inf,186.2237091064453,-inf,-inf,-inf,-inf,-inf,-inf,-inf,-inf,-inf,-inf,-inf,252.1084442138672,-inf,-inf,-inf,-inf,-inf,-inf,-inf,-inf,-inf,-inf,-inf,-inf,-inf,-inf,-inf,-inf,-inf,-inf,-inf,-inf,-inf,-inf,-inf,-inf,-inf,-inf,-inf,-inf,-inf,-inf,-inf,188.10791015625,-inf,-inf,179.30430603027344,105.97087097167969,-inf,-inf,-inf,-inf,-inf,-inf,-inf,-inf,-inf,-inf,-inf,232.91024780273438,-inf,-inf,-inf,-inf,-inf,-inf,-inf,-inf,-inf,-inf,-inf,-inf,-inf,-inf,-inf,-inf,-inf,-inf,-inf,-inf,-inf,-inf,-inf,-inf,-inf,-inf,-inf,-inf,-inf,-inf,-inf,-inf,-inf,-inf,-inf,-inf,-inf,-inf,-inf,-inf,-inf,-inf,-inf,-inf,-inf,-inf,-inf,-inf,-inf,-inf
-inf,-inf,-inf,-inf,-inf,-inf,-inf,-inf,-inf,-inf,-inf,-inf,-inf,-inf,229.05682373046875,-inf,196.97454833984375,-inf,-inf,-inf,-inf,-inf,-inf,-inf,-inf,-inf,-inf,-inf,178.35975646972656,-inf,-inf,-inf,230.29653930664062,-inf,-inf,-inf,-inf,-inf,-inf,-inf,-inf,-inf,-inf,-inf,162.28660583496094,-inf,-inf,-inf,-inf,-inf,-inf,-inf,-inf,184.3544464111328,-inf,-inf,-inf,-inf,-inf,-inf,-inf,-inf,-inf,-inf,-inf,-inf,-inf,-inf,-inf,-inf,-inf,-inf,-inf,-inf,-inf,-inf,-inf,-inf,-inf,-inf,-inf,-inf,-inf,-inf,-inf,-inf,-inf,-inf,-inf,-inf,-inf,-inf,123.60438537597656,-inf,-inf,-inf,-inf,-inf,-inf,-inf,-inf,-inf,-inf,-inf,-inf,-inf,-inf,-inf,-inf,-inf,-inf,-inf,-inf,-inf,-inf,-inf,-inf,-inf,-inf,-inf,-inf,-inf,-inf,-inf,-inf,-inf,-inf,-inf,-inf,-inf,-inf,-inf,-inf,-inf,-inf,-inf,-inf,-inf,-inf,-inf,-inf,-inf,-inf,-inf,-inf,-inf,-inf,-inf,-inf,-inf
-inf,-inf,-inf,-inf,-inf,-inf,-inf,-inf,-inf,-inf,-inf,-inf,-inf,-inf,-inf,-inf,250.85226440429688,-inf,-inf,-inf,-inf,-inf,-inf,-inf,-inf,-inf,-inf,-inf,162.6223907470703,-inf,-inf,-inf,-inf,-inf,-inf,-inf,-inf,-inf,-inf,-inf,-inf,-inf,-inf,-inf,-inf,-inf,-inf,-inf,162.49142456054688,-inf,-inf,-inf,-inf,180.88067626953125,-inf,-inf,-inf,-inf,-inf,-inf,-inf,189.40573120117188,-inf,-inf,214.37132263183594,-inf,-inf,-inf,-inf,-inf,-inf,-inf,-inf,-inf,-inf,-inf,140.54798889160156,-inf,-inf,-inf,-inf,-inf,-inf,-inf,-inf,-inf,-inf,-inf,-inf,-inf,-inf,-inf,-inf,-inf,-inf,-inf,-inf,-inf,-inf,-inf,-inf,-inf,-inf,-inf,-inf,-inf,-inf,-inf,-inf,-inf,-inf,-inf,-inf,-inf,-inf,-inf,-inf,-inf,-inf,-inf,-inf,-inf,-inf,-inf,-inf,-inf,-inf,-inf,-inf,-inf,-inf,-inf,-inf,-inf,-inf,-inf,-inf,-inf,-inf,-inf,-inf,-inf,-inf,-inf,-inf,-inf,-inf,-inf,-inf,-inf
-inf,-inf,-inf,238.836181640625,-inf,-inf,-inf,-inf,-inf,-inf,-inf,-inf,-inf,-inf,-inf,-inf,-inf,-inf,-inf,-inf,-inf,-inf,-inf,213.2716064453125,-inf,178.04969787597656,173.18844604492188,-inf,-inf,-inf,-inf,-inf,-inf,-inf,181.2926025390625,-inf,-inf,-inf,-inf,135.048583984375,-inf,-inf,-inf,-inf,-inf,-inf,-inf,-inf,-inf,-inf,-inf,-inf,-inf,-inf,-inf,-inf,-inf,-inf,182.2978515625,-inf,-inf,-inf,-inf,-inf,-inf,-inf,-inf,163.0042266845703,-inf,-inf,-inf,-inf,-inf,-inf,-inf,-inf,-inf,-inf,-inf,-inf,-inf,-inf,-inf,-inf,-inf,-inf,-inf,-inf,-inf,-inf,-inf,-inf,-inf,-inf,-inf,-inf,-inf,-inf,190.75064086914062,179.10256958007812,-inf,-inf,-inf,-inf,-inf,-inf,-inf,-inf,-inf,-inf,-inf,-inf,-inf,-inf,-inf,-inf,-inf,-inf,-inf,-inf,-inf,-inf,-inf,-inf,-inf,-inf,-inf,-inf,-inf,-inf,-inf,-inf,-inf,-inf,-inf,-inf,-inf,-inf,-inf,-inf,-inf,-inf,-inf,-inf,-inf,-inf,-inf,-inf,-inf,-inf
-inf,179.48744201660156,-inf,-inf,-inf,-inf,-inf,-inf,-inf,-inf,-inf,-inf,-inf,-inf,-inf,-inf,-inf,-inf,-inf,-inf,-inf,-inf,-inf,-inf,-inf,-inf,-inf,-inf,-inf,-inf,-inf,-inf,-inf,-inf,-inf,-inf,-inf,169.86793518066406,-inf,-inf,-inf,-inf,-inf,-inf,-inf,-inf,-inf,-inf,-inf,153.3328399658203,-inf,-inf,-inf,-inf,-inf,-inf,-inf,-inf,-inf,-inf,-inf,-inf,-inf,-inf,-inf,-inf,-inf,-inf,-inf,208.69558715820312,-inf,-inf,176.77601623535156,-inf,-inf,-inf,-inf,-inf,-inf,-inf,182.55120849609375,-inf,-inf,-inf,-inf,177.0827178955078,-inf,-inf,-inf,-inf,-inf,-inf,-inf,-inf,-inf,-inf,-inf,134.84420776367188,-inf,-inf,-inf,-inf,-inf,-inf,-inf,-inf,-inf,-inf,-inf,-inf,-inf,-inf,-inf,-inf,-inf,-inf,-inf,-inf,-inf,-inf,-inf,-inf,-inf,-inf,-inf,-inf,-inf,-inf,-inf,-inf,-inf,-inf,-inf,-inf,-inf,-inf,-inf,-inf,-inf,-inf,-inf,-inf,-inf,-inf,-inf,-inf,-inf,-inf,-inf,-inf
-inf,-inf,-inf,-inf,-inf,-inf,167.22369384765625,-inf,-inf,-inf,-inf,-inf,-inf,-inf,-inf,-inf,-inf,-inf,-inf,-inf,-inf,-inf,-inf,-inf,-inf,-inf,-inf,-inf,-inf,-inf,-inf,176.42129516601562,-inf,-inf,249.47828674316406,-inf,230.98675537109375,-inf,-inf,-inf,-inf,-inf,-inf,-inf,-inf,-inf,-inf,-inf,-inf,-inf,-inf,-inf,-inf,-inf,-inf,-inf,-inf,-inf,-inf,-inf,-inf,-inf,-inf,-inf,-inf,-inf,217.79684448242188,-inf,-inf,-inf,-inf,-inf,-inf,-inf,-inf,-inf,-inf,-inf,-inf,199.84486389160156,-inf,-inf,-inf,-inf,-inf,-inf,134.20297241210938,176.1650848388672,-inf,-inf,-inf,-inf,-inf,-inf,-inf,-inf,-inf,-inf,-inf,-inf,-inf,-inf,-inf,-inf,-inf,-inf,-inf,-inf,-inf,-inf,-inf,-inf,-inf,-inf,-inf,-inf,-inf,-inf,-inf,-inf,-inf,-inf,-inf,-inf,-inf,-inf,-inf,-inf,-inf,-inf,-inf,-inf,-inf,-inf,-inf,-inf,-inf,-inf,-inf,-inf,-inf,-inf,-inf,-inf,-inf,-inf,-inf,-inf,-inf,-inf
-inf,-inf,191.19268798828125,-inf,-inf,-inf,-inf,-inf,-inf,-inf,-inf,-inf,-inf,-inf,-inf,-inf,-inf,-inf,-inf,-inf,-inf,-inf,261.4284362792969,-inf,-inf,-inf,-inf,-inf,-inf,-inf,-inf,-inf,-inf,-inf,-inf,-inf,-inf,-inf,209.50881958007812,-inf,-inf,-inf,-inf,-inf,-inf,-inf,-inf,180.24639892578125,-inf,-inf,130.88336181640625,-inf,-inf,-inf,-inf,-inf,-inf,-inf,-inf,-inf,-inf,-inf,-inf,-inf,-inf,-inf,-inf,-inf,-inf,-inf,240.64137268066406,174.1224822998047,-inf,-inf,-inf,-inf,-inf,-inf,-inf,193.0556182861328,-inf,-inf,-inf,-inf,-inf,-inf,-inf,-inf,-inf,-inf,-inf,-inf,-inf,-inf,-inf,-inf,-inf,-inf,150.16119384765625,-inf,-inf,-inf,-inf,-inf,-inf,-inf,-inf,-inf,-inf,-inf,-inf,-inf,-inf,-inf,-inf,-inf,-inf,-inf,-inf,-inf,-inf,-inf,-inf,-inf,-inf,-inf,-inf,-inf,-inf,-inf,-inf,-inf,-inf,-inf,-inf,-inf,-inf,-inf,-inf,-inf,-inf,-inf,-inf,-inf,-inf,-inf,-inf,-inf,-inf,-inf
-inf,-inf,-inf,-inf,-inf,-inf,143.67678833007812,-inf,-inf,-inf,-inf,-inf,-inf,-inf,-inf,-inf,-inf,-inf,218.3446807861328,-inf,-inf,-inf,-inf,-inf,-inf,-inf,-inf,-inf,-inf,-inf,-inf,-inf,-inf,-inf,228.7150115966797,-inf,-inf,-inf,-inf,-inf,-inf,-inf,-inf,-inf,-inf,-inf,-inf,184.66500854492188,-inf,-inf,169.49990844726562,-inf,-inf,-inf,-inf,-inf,-inf,-inf,-inf,-inf,-inf,-inf,-inf,-inf,-inf,-inf,-inf,-inf,-inf,-inf,-inf,186.7789764404297,-inf,-inf,-inf,-inf,-inf,-inf,-inf,193.1176300048828,-inf,-inf,-inf,-inf,-inf,-inf,171.94293212890625,-inf,-inf,-inf,-inf,-inf,-inf,-inf,-inf,-inf,-inf,-inf,-inf,-inf,-inf,-inf,-inf,-inf,-inf,-inf,-inf,-inf,-inf,-inf,-inf,-inf,-inf,-inf,-inf,-inf,-inf,-inf,-inf,-inf,-inf,-inf,-inf,-inf,-inf,-inf,-inf,-inf,-inf,-inf,-inf,-inf,-inf,-inf,-inf,-inf,-inf,-inf,-inf,-inf,-inf,-inf,-inf,-inf,-inf,-inf,-inf,-inf,-inf,-inf
-inf,-inf,-inf,176.79580688476562,-inf,-inf,-inf,-inf,-inf,-inf,-inf,-inf,-inf,-inf,-inf,201.46388244628906,-inf,-inf,196.87332153320312,164.6761932373047,-inf,-inf,-inf,-inf,-inf,-inf,-inf,-inf,-inf,-inf,-inf,-inf,-inf,-inf,-inf,-inf,-inf,-inf,-inf,-inf,-inf,-inf,-inf,-inf,-inf,-inf,-inf,115.64917755126953,-inf,-inf,192.195556640625,-inf,-inf,-inf,-inf,-inf,-inf,-inf,-inf,-inf,-inf,-inf,-inf,140.75584411621094,-inf,-inf,-inf,-inf,-inf,-inf,-inf,-inf,-inf,-inf,-inf,-inf,-inf,-inf,-inf,-inf,-inf,-inf,179.26919555664062,196.12255859375,-inf,-inf,-inf,-inf,-inf,-inf,-inf,-inf,-inf,-inf,-inf,-inf,-inf,-inf,-inf,243.0316162109375,246.50559997558594,249.8737030029297,251.77578735351562,252.85589599609375,250.00416564941406,254.56155395507812,248.11534118652344,-inf,-inf,-inf,-inf,-inf,-inf,-inf,-inf,-inf,-inf,-inf,-inf,-inf,-inf,-inf,-inf,-inf,-inf,-inf,-inf,-inf,-inf,-inf,-inf,-inf,-inf,-inf,-inf,-inf,-inf,-inf,-inf,-inf,-inf,-inf,-inf,-inf,-inf,-inf,-inf,-inf,-inf,-inf
-inf,-inf,-inf,-inf,237.39804077148438,-inf,-inf,-inf,-inf,-inf,-inf,-inf,-inf,-inf,-inf,-inf,-inf,-inf,-inf,-inf,-inf,-inf,-inf,-inf,-inf,-inf,-inf,-inf,-inf,-inf,-inf,-inf,-inf,-inf,-inf,-inf,171.21511840820312,-inf,-inf,-inf,-inf,-inf,-inf,-inf,-inf,-inf,-inf,-inf,-inf,179.5152130126953,-inf,-inf,200.89234924316406,-inf,-inf,-inf,-inf,-inf,-inf,-inf,-inf,-inf,-inf,-inf,192.69984436035156,-inf,-inf,-inf,-inf,-inf,-inf,-inf,-inf,-inf,-inf,-inf,-inf,-inf,-inf,-inf,-inf,-inf,-inf,-inf,-inf,-inf,-inf,-inf,-inf,-inf,-inf,-inf,-inf,-inf,-inf,-inf,-inf,-inf,-inf,-inf,-inf,-inf,-inf,-inf,-inf,-inf,-inf,-inf,-inf,-inf,-inf,-inf,-inf,-inf,-inf,-inf,-inf,-inf,-inf,-inf,-inf,-inf,-inf,-inf,-inf,-inf,-inf,-inf,-inf,-inf,-inf,-inf,-inf,-inf,-inf,-inf,-inf,-inf,-inf,-inf,-inf,-inf,-inf,-inf,-inf,-inf,-inf,-inf,-inf,-inf
-inf,-inf,-inf,-inf,-inf,-inf,177.02328491210938,-inf,-inf,-inf,-inf,-inf,-inf,-inf,186.4737091064453,-inf,-inf,-inf,-inf,-inf,-inf,-inf,-inf,-inf,-inf,-inf,-inf,226.1929168701172,-inf,-inf,-inf,-inf,-inf,-inf,-inf,-inf,-inf,-inf,-inf,-inf,-inf,-inf,-inf,202.05886840820312,-inf,-inf,-inf,-inf,-inf,-inf,-inf,-inf,-inf,-inf,-inf,-inf,-inf,-inf,-inf,-inf,-inf,-inf,-inf,-inf,-inf,-inf,-inf,-inf,-inf,-inf,-inf,-inf,-inf,-inf,-inf,-inf,-inf,-inf,171.66934204101562,-inf,-inf,-inf,-inf,-inf,-inf,-inf,198.24269104003906,-inf,-inf,-inf,-inf,-inf,-inf,-inf,-inf,196.4562530517578,-inf,-inf,-inf,-inf,240.88156127929688,237.97244262695312,232.00668334960938,234.19943237304688,241.5971221923828,-inf,-inf,-inf,-inf,-inf,-inf,-inf,-inf,-inf,-inf,-inf,-inf,-inf,-inf,-inf,-inf,-inf,-inf,-inf,-inf,-inf,-inf,-inf,-inf,-inf,-inf,-inf,-inf,-inf,-inf,-inf,-inf,-inf,-inf,-inf,-inf,-inf,-inf,-inf,-inf,-inf,-inf,-inf,-inf,-inf
-inf,-inf,-inf,-inf,-inf,-inf,-inf,-inf,-inf,-inf,-inf,-inf,-inf,-inf,-inf,-inf,-inf,-inf,-inf,-inf,-inf,-inf,180.24595642089844,-inf,-inf,-inf,206.4674835205078,-inf,-inf,-inf,-inf,-inf,-inf,-inf,-inf,-inf,-inf,-inf,-inf,174.48483276367188,-inf,-inf,-inf,-inf,-inf,-inf,-inf,-inf,-inf,-inf,-inf,-inf,-inf,-inf,-inf,-inf,-inf,-inf,-inf,-inf,-inf,-inf,-inf,167.86428833007812,-inf,-inf,-inf,-inf,-inf,-inf,207.90237426757812,-inf,-inf,-inf,181.40728759765625,-inf,-inf,-inf,-inf,-inf,-inf,-inf,-inf,-inf,-inf,-inf,-inf,-inf,-inf,-inf,-inf,-inf,-inf,-inf,-inf,-inf,-inf,-inf,-inf,-inf,229.10086059570312,231.73333740234375,227.17752075195312,236.86386108398438,232.50477600097656,-inf,-inf,-inf,-inf,-inf,-inf,-inf,-inf,-inf,-inf,-inf,-inf,-inf,-inf,-inf,-inf,-inf,-inf,-inf,-inf,-inf,-inf,-inf,-inf,-inf,-inf,-inf,-inf,-inf,-inf,-inf,-inf,-inf,-inf,-inf,-inf,-inf,-inf,-inf,-inf,-inf,-inf,-inf,-inf,-inf
-inf,-inf,-inf,-inf,-inf,-inf,-inf,-inf,-inf,-inf,163.126953125,156.17127990722656,-inf,-inf,-inf,-inf,-inf,-inf,184.04660034179688,-inf,-inf,-inf,-inf,-inf,-inf,-inf,-inf,-inf,-inf,-inf,-inf,177.69625854492188,-inf,-inf,-inf,-inf,-inf,-inf,-inf,-inf,-inf,-inf,194.88064575195312,118.93804931640625,-inf,-inf,-inf,259.52392578125,-inf,-inf,-inf,-inf,-inf,-inf,-inf,-inf,-inf,-inf,-inf,-inf,-inf,-inf,-inf,-inf,-inf,-inf,-inf,-inf,-inf,-inf,-inf,-inf,-inf,-inf,-inf,-inf,-inf,-inf,-inf,203.35935974121094,-inf,-inf,-inf,-inf,-inf,-inf,-inf,-inf,-inf,-inf,-inf,146.8480224609375,-inf,-inf,-inf,-inf,-inf,-inf,-inf,-inf,-inf,-inf,-inf,-inf,-inf,-inf,-inf,-inf,-inf,-inf,-inf,-inf,-inf,-inf,-inf,-inf,-inf,-inf,-inf,-inf,-inf,-inf,-inf,-inf,-inf,-inf,-inf,-inf,-inf,-inf,-inf,-inf,-inf,-inf,-inf,-inf,-inf,-inf,-inf,-inf,-inf,-inf,-inf,-inf,-inf,-inf,-inf,-inf,-inf,-inf
-inf,-inf,-inf,-inf,-inf,-inf,-inf,-inf,-inf,181.9111328125,-inf,-inf,234.46568298339844,-inf,-inf,-inf,-inf,-inf,-inf,-inf,-inf,-inf,-inf,-inf,203.40542602539062,-inf,-inf,-inf,-inf,-inf,-inf,-inf,-inf,-inf,-inf,-inf,-inf,-inf,-inf,-inf,165.5382843017578,-inf,-inf,-inf,-inf,-inf,-inf,-inf,-inf,-inf,-inf,-inf,-inf,-inf,-inf,-inf,111.02857208251953,-inf,-inf,-inf,-inf,-inf,-inf,-inf,-inf,-inf,-inf,-inf,-inf,-inf,-inf,-inf,195.6869354248047,-inf,-inf,-inf,-inf,-inf,-inf,-inf,-inf,-inf,-inf,-inf,-inf,-inf,-inf,-inf,-inf,-inf,-inf,-inf,246.224853515625,-inf,-inf,-inf,-inf,-inf,-inf,-inf,-inf,-inf,-inf,-inf,-inf,-inf,-inf,-inf,-inf,-inf,-inf,-inf,-inf,-inf,-inf,-inf,-inf,-inf,-inf,-inf,-inf,-inf,-inf,-inf,-inf,-inf,-inf,-inf,-inf,-inf,-inf,-inf,-inf,-inf,-inf,-inf,-inf,-inf,-inf,-inf,-inf,-inf,-inf,-inf,-inf,-inf,-inf,-inf,-inf,-inf
-inf,-inf,-inf,-inf,-inf,-inf,-inf,-inf,-inf,-inf,211.88705444335938,-inf,-inf,-inf,-inf,-inf,-inf,-inf,-inf,-inf,227.9690399169922,-inf,-inf,195.0105743408203,-inf,-inf,-inf,-inf,-inf,-inf,140.95831298828125,184.4955291748047,-inf,-inf,-inf,-inf,-inf,-inf,-inf,-inf,-inf,-inf,-inf,-inf,-inf,-inf,184.2737274169922,-inf,-inf,-inf,-inf,-inf,-inf,-inf,-inf,169.14111328125,-inf,-inf,254.5343780517578,-inf,-inf,-inf,-inf,-inf,-inf,-inf,-inf,-inf,-inf,-inf,-inf,-inf,-inf,-inf,-inf,-inf,-inf,-inf,151.7142333984375,-inf,-inf,-inf,-inf,-inf,-inf,-inf,-inf,-inf,-inf,-inf,-inf,-inf,-inf,-inf,-inf,-inf,-inf,-inf,-inf,-inf,-inf,-inf,-inf,-inf,-inf,-inf,-inf,-inf,-inf,-inf,-inf,-inf,-inf,-inf,-inf,-inf,-inf,-inf,-inf,-inf,-inf,-inf,-inf,-inf,-inf,-inf,-inf,-inf,-inf,-inf,-inf,-inf,-inf,-inf,-inf,-inf,-inf,-inf,-inf,-inf,-inf,-inf,-inf,-inf,-inf,-inf,-inf,-inf,-inf,-inf
174.2593536376953,-inf,-inf,-inf,-inf,-inf,-inf,-inf,-inf,188.0363006591797,-inf,-inf,-inf,-inf,-inf,-inf,161.06710815429688,-inf,-inf,-inf,155.41819763183594,-inf,-inf,-inf,-inf,-inf,-inf,-inf,-inf,-inf,-inf,-inf,-inf,-inf,-inf,-inf,178.01332092285156,-inf,-inf,-inf,-inf,-inf,-inf,-inf,-inf,-inf,-inf,-inf,247.427001953125,173.99932861328125,-inf,-inf,-inf,-inf,-inf,-inf,-inf,-inf,-inf,-inf,-inf,-inf,-inf,-inf,-inf,-inf,-inf,-inf,-inf,-inf,-inf,-inf,-inf,196.5395965576172,-inf,-inf,-inf,-inf,-inf,-inf,206.47157287597656,-inf,-inf,-inf,115.66736602783203,-inf,-inf,-inf,-inf,-inf,-inf,-inf,-inf,-inf,-inf,-inf,-inf,-inf,-inf,-inf,-inf,-inf,-inf,-inf,-inf,-inf,-inf,-inf,-inf,-inf,-inf,-inf,-inf,-inf,-inf,-inf,-inf,-inf,-inf,-inf,-inf,-inf,-inf,-inf,-inf,-inf,-inf,-inf,-inf,-inf,-inf,-inf,-inf,-inf,-inf,-inf,-inf,-inf,-inf,-inf,-inf,-inf,-inf,-inf,-inf,-inf,-inf,-inf,-inf,-inf
180.48728942871094,187.88323974609375,-inf,-inf,-inf,-inf,-inf,-inf,-inf,-inf,-inf,-inf,-inf,-inf,-inf,-inf,-inf,-inf,-inf,-inf,256.48858642578125,-inf,-inf,-inf,-inf,-inf,-inf,-inf,-inf,-inf,-inf,-inf,-inf,-inf,-inf,-inf,-inf,-inf,-inf,-inf,-inf,164.20867919921875,-inf,-inf,-inf,-inf,-inf,-inf,161.82626342773438,-inf,-inf,-inf,-inf,-inf,-inf,-inf,-inf,177.33570861816406,-inf,-inf,-inf,-inf,-inf,-inf,-inf,-inf,-inf,-inf,217.1172332763672,-inf,-inf,-inf,-inf,-inf,-inf,-inf,-inf,-inf,-inf,-inf,-inf,-inf,-inf,-inf,-inf,-inf,-inf,-inf,-inf,-inf,-inf,-inf,-inf,-inf,-inf,-inf,129.43214416503906,189.11009216308594,-inf,-inf,-inf,-inf,-inf,-inf,-inf,-inf,-inf,-inf,-inf,-inf,-inf,-inf,-inf,-inf,-inf,-inf,-inf,-inf,-inf,-inf,-inf,-inf,-inf,-inf,-inf,-inf,-inf,-inf,-inf,-inf,-inf,-inf,-inf,-inf,-inf,-inf,-inf,-inf,-inf,-inf,-inf,-inf,-inf,-inf,-inf,-inf,-inf,-inf,-inf,-inf
-inf,-inf,-inf,-inf,-inf,209.15841674804688,-inf,-inf,-inf,180.78152465820312,-inf,-inf,-inf,-inf,-inf,-inf,-inf,-inf,-inf,-inf,176.05911254882812,-inf,-inf,-inf,-inf,-inf,-inf,-inf,-inf,-inf,-inf,-inf,-inf,-inf,-inf,-inf,-inf,-inf,-inf,-inf,-inf,-inf,-inf,-inf,-inf,-inf,-inf,-inf,-inf,-inf,-inf,-inf,-inf,244.6002197265625,-inf,-inf,-inf,-inf,-inf,-inf,179.48350524902344,-inf,-inf,-inf,-inf,-inf,-inf,-inf,-inf,-inf,-inf,-inf,-inf,-inf,-inf,-inf,-inf,-inf,-inf,-inf,-inf,-inf,-inf,-inf,-inf,190.7154541015625,-inf,-inf,-inf,-inf,-inf,-inf,191.06143188476562,-inf,-inf,-inf,-inf,-inf,-inf,-inf,-inf,-inf,-inf,-inf,-inf,-inf,-inf,-inf,-inf,-inf,-inf,-inf,-inf,-inf,-inf,-inf,-inf,-inf,-inf,-inf,-inf,-inf,-inf,-inf,-inf,-inf,-inf,-inf,-inf,-inf,-inf,-inf,-inf,-inf,-inf,-inf,-inf,-inf,-inf,-inf,-inf,-inf,-inf,-inf,-inf,-inf,-inf,-inf,-inf,-inf
-inf,-inf,-inf,-inf,-inf,187.47267150878906,-inf,-inf,-inf,-inf,-inf,-inf,-inf,-inf,-inf,-inf,183.43743896484375,-inf,-inf,-inf,-inf,-inf,-inf,-inf,-inf,-inf,-inf,-inf,174.63233947753906,172.1910858154297,-inf,-inf,231.9390869140625,-inf,-inf,-inf,-inf,-inf,224.23941040039062,-inf,-inf,-inf,-inf,-inf,145.38702392578125,-inf,-inf,-inf,-inf,-inf,-inf,-inf,-inf,-inf,-inf,-inf,-inf,-inf,-inf,-inf,-inf,176.08180236816406,-inf,-inf,197.08212280273438,-inf,-inf,-inf,-inf,-inf,-inf,-inf,-inf,-inf,-inf,-inf,-inf,-inf,-inf,-inf,-inf,-inf,-inf,-inf,-inf,-inf,-inf,-inf,-inf,-inf,-inf,-inf,116.33177185058594,-inf,-inf,-inf,-inf,-inf,-inf,-inf,-inf,-inf,-inf,-inf,-inf,-inf,-inf,-inf,-inf,-inf,-inf,-inf,-inf,-inf,-inf,-inf,-inf,-inf,-inf,-inf,-inf,-inf,-inf,-inf,-inf,-inf,-inf,-inf,-inf,-inf,-inf,-inf,-inf,-inf,-inf,-inf,-inf,-inf,-inf,-inf,-inf,-inf,-inf,-inf,-inf,-inf,-inf,-inf,-inf,-inf
-inf,-inf,166.4899139404297,-inf,-inf,-inf,-inf,-inf,-inf,-inf,-inf,-inf,-inf,-inf,-inf,-inf,-inf,-inf,199.43788146972656,-inf,-inf,-inf,-inf,-inf,-inf,-inf,-inf,-inf,-inf,-inf,190.96133422851562,-inf,-inf,-inf,229.74221801757812,-inf,-inf,-inf,-inf,-inf,-inf,-inf,-inf,-inf,-inf,-inf,-inf,-inf,-inf,-inf,-inf,174.66348266601562,-inf,-inf,-inf,-inf,-inf,-inf,-inf,-inf,-inf,-inf,113.8816909790039,-inf,-inf,-inf,187.67953491210938,-inf,-inf,-inf,-inf,-inf,-inf,-inf,-inf,-inf,-inf,-inf,218.2540740966797,-inf,-inf,-inf,-inf,-inf,-inf,-inf,-inf,-inf,-inf,-inf,-inf,-inf,-inf,-inf,-inf,-inf,-inf,-inf,-inf,-inf,-inf,-inf,-inf,-inf,-inf,-inf,-inf,-inf,-inf,-inf,-inf,-inf,-inf,-inf,-inf,-inf,-inf,-inf,-inf,-inf,-inf,-inf,-inf,-inf,-inf,-inf,-inf,-inf,-inf,-inf,-inf,-inf,-inf,-inf,-inf,-inf,-inf,-inf,-inf,-inf,-inf,-inf,-inf,-inf,-inf,-inf,-inf,-inf,-inf,-inf
-inf,-inf,-inf,-inf,-inf,-inf,-inf,-inf,-inf,-inf,132.83184814453125,-inf,-inf,-inf,-inf,-inf,-inf,-inf,-inf,-inf,-inf,-inf,-inf,-inf,-inf,-inf,-inf,-inf,-inf,-inf,-inf,177.10433959960938,-inf,-inf,-inf,-inf,-inf,-inf,-inf,190.88916015625,-inf,-inf,-inf,-inf,-inf,-inf,-inf,-inf,-inf,-inf,-inf,-inf,-inf,-inf,184.75543212890625,-inf,-inf,-inf,180.46998596191406,-inf,-inf,-inf,-inf,164.56341552734375,-inf,-inf,-inf,-inf,220.18621826171875,-inf,-inf,180.47247314453125,-inf,-inf,-inf,-inf,-inf,-inf,-inf,-inf,-inf,-inf,-inf,-inf,-inf,-inf,262.9800720214844,-inf,-inf,-inf,160.58993530273438,-inf,-inf,-inf,-inf,-inf,-inf,-inf,-inf,-inf,-inf,-inf,-inf,-inf,-inf,-inf,-inf,-inf,-inf,-inf,-inf,-inf,-inf,-inf,-inf,-inf,-inf,-inf,-inf,-inf,-inf,-inf,-inf,-inf,-inf,-inf,-inf,-inf,-inf,-inf,-inf,-inf,-inf,-inf,-inf,-inf,-inf,-inf,-inf,-inf,-inf,-inf,-inf,-inf,-inf,-inf,-inf,-inf,-inf,-inf
-inf,193.9091339111328,-inf,-inf,-inf,-inf,-inf,-inf,-inf,-inf,-inf,-inf,168.48573303222656,-inf,-inf,-inf,-inf,-inf,-inf,-inf,-inf,253.5260467529297,-inf,-inf,-inf,-inf,-inf,-inf,-inf,-inf,-inf,230.22964477539062,-inf,-inf,-inf,-inf,187.1082000732422,190.9286346435547,-inf,-inf,-inf,-inf,-inf,-inf,185.18650817871094,-inf,-inf,-inf,-inf,149.24603271484375,-inf,-inf,-inf,-inf,-inf,-inf,-inf,-inf,-inf,-inf,-inf,-inf,-inf,-inf,-inf,-inf,-inf,-inf,-inf,230.43896484375,-inf,-inf,-inf,-inf,-inf,-inf,-inf,-inf,-inf,-inf,-inf,-inf,-inf,-inf,-inf,167.17221069335938,-inf,-inf,-inf,-inf,-inf,-inf,-inf,-inf,-inf,-inf,-inf,158.8068084716797,-inf,-inf,-inf,-inf,-inf,-inf,-inf,-inf,-inf,-inf,-inf,-inf,-inf,-inf,-inf,-inf,-inf,-inf,-inf,-inf,-inf,-inf,-inf,-inf,-inf,-inf,-inf,-inf,-inf,-inf,-inf,-inf,-inf,-inf,-inf,-inf,-inf,-inf,-inf,-inf,-inf,-inf,-inf,-inf,-inf,-inf,-inf,-inf,-inf,-inf,-inf,-inf
-inf,-inf,-inf,-inf,-inf,-inf,-inf,-inf,-inf,-inf,-inf,190.6970977783203,-inf,-inf,-inf,-inf,-inf,-inf,142.86293029785156,-inf,-inf,-inf,-inf,-inf,-inf,-inf,-inf,-inf,-inf,-inf,222.67417907714844,-inf,-inf,-inf,189.96229553222656,-inf,-inf,-inf,-inf,-inf,-inf,-inf,-inf,-inf,-inf,-inf,-inf,-inf,-inf,-inf,110.71698760986328,-inf,-inf,-inf,-inf,-inf,-inf,-inf,-inf,-inf,-inf,-inf,-inf,-inf,-inf,-inf,-inf,178.63070678710938,-inf,-inf,-inf,-inf,-inf,-inf,-inf,-inf,-inf,-inf,255.5242462158203,-inf,-inf,-inf,-inf,-inf,-inf,-inf,-inf,-inf,-inf,-inf,-inf,-inf,-inf,-inf,-inf,-inf,-inf,-inf,-inf,185.072265625,-inf,-inf,-inf,-inf,-inf,-inf,-inf,-inf,-inf,-inf,-inf,-inf,-inf,-inf,-inf,-inf,-inf,-inf,-inf,-inf,-inf,-inf,-inf,-inf,-inf,-inf,-inf,-inf,-inf,-inf,-inf,-inf,-inf,-inf,-inf,-inf,-inf,-inf,-inf,-inf,-inf,-inf,-inf,-inf,-inf,-inf,-inf,-inf,-inf,-inf
-inf,-inf,-inf,-inf,-inf,-inf,-inf,265.8652648925781,-inf,-inf,-inf,-inf,-inf,-inf,-inf,-inf,-inf,-inf,-inf,179.41183471679688,-inf,-inf,176.53567504882812,-inf,-inf,-inf,-inf,-inf,-inf,-inf,-inf,-inf,-inf,-inf,-inf,-inf,-inf,-inf,-inf,-inf,-inf,-inf,-inf,-inf,-inf,-inf,190.68930053710938,-inf,-inf,-inf,-inf,-inf,-inf,-inf,173.7627716064453,196.238037109375,-inf,-inf,-inf,-inf,-inf,-inf,-inf,-inf,-inf,-inf,-inf,214.11000061035156,-inf,198.19989013671875,-inf,-inf,-inf,-inf,-inf,-inf,-inf,-inf,184.6409454345703,-inf,-inf,-inf,-inf,106.00960540771484,-inf,-inf,-inf,229.06326293945312,-inf,-inf,-inf,-inf,-inf,-inf,-inf,-inf,-inf,-inf,-inf,-inf,-inf,-inf,-inf,-inf,-inf,-inf,-inf,-inf,-inf,-inf,-inf,-inf,-inf,-inf,-inf,-inf,-inf,-inf,-inf,-inf,-inf,-inf,-inf,-inf,-inf,-inf,-inf,-inf,-inf,-inf,-inf,-inf,-inf,-inf,-inf,-inf,-inf,-inf,-inf,-inf,-inf,-inf,-inf,-inf,-inf,-inf,-inf,-inf,-inf,-inf
-inf,-inf,219.25523376464844,-inf,-inf,-inf,-inf,-inf,-inf,-inf,-inf,-inf,-inf,-inf,-inf,-inf,186.65631103515625,-inf,-inf,-inf,-inf,-inf,-inf,-inf,-inf,200.0310516357422,-inf,-inf,-inf,-inf,-inf,-inf,151.68136596679688,-inf,-inf,-inf,-inf,-inf,-inf,-inf,-inf,-inf,-inf,-inf,-inf,-inf,-inf,-inf,104.46605682373047,-inf,-inf,-inf,189.12303161621094,-inf,-inf,-inf,-inf,-inf,-inf,-inf,-inf,-inf,-inf,-inf,-inf,-inf,176.14566040039062,-inf,-inf,-inf,-inf,-inf,-inf,182.50027465820312,-inf,-inf,-inf,-inf,-inf,-inf,-inf,175.08384704589844,-inf,-inf,240.13473510742188,-inf,-inf,-inf,-inf,-inf,-inf,-inf,-inf,-inf,-inf,-inf,-inf,-inf,-inf,-inf,-inf,-inf,-inf,-inf,-inf,-inf,-inf,-inf,-inf,-inf,-inf,-inf,-inf,-inf,-inf,-inf,-inf,-inf,-inf,-inf,-inf,-inf,-inf,-inf,-inf,-inf,-inf,-inf,-inf,-inf,-inf,-inf,-inf,-inf,-inf,-inf,-inf,-inf,-inf,-inf,-inf,-inf,-inf,-inf,-inf,-inf,-inf,-inf,-inf,-inf
-inf,-inf,-inf,228.75112915039062,-inf,-inf,-inf,-inf,-inf,-inf,-inf,-inf,-inf,-inf,-inf,-inf,-inf,-inf,-inf,-inf,-inf,-inf,-inf,-inf,-inf,-inf,-inf,-inf,-inf,-inf,185.51695251464844,-inf,-inf,-inf,-inf,-inf,-inf,-inf,-inf,151.44482421875,-inf,-inf,-inf,-inf,-inf,-inf,-inf,-inf,-inf,-inf,-inf,-inf,-inf,-inf,-inf,126.52297973632812,-inf,-inf,-inf,-inf,-inf,-inf,-inf,-inf,-inf,-inf,-inf,-inf,-inf,-inf,-inf,182.51686096191406,-inf,-inf,-inf,-inf,-inf,-inf,-inf,-inf,-inf,-inf,-inf,252.4996795654297,-inf,-inf,-inf,-inf,-inf,-inf,-inf,-inf,-inf,-inf,-inf,-inf,-inf,-inf,-inf,207.47183227539062,249.1817169189453,246.8297882080078,248.87017822265625,254.73989868164062,246.83154296875,252.0501251220703,248.12258911132812,-inf,-inf,-inf,-inf,-inf,-inf,-inf,-inf,-inf,-inf,-inf,-inf,-inf,-inf,-inf,-inf,-inf,-inf,-inf,-inf,-inf,-inf,-inf,-inf,-inf,-inf,-inf,-inf,-inf,-inf,-inf,-inf,-inf,-inf,-inf,-inf,-inf,-inf,-inf,-inf,-inf,-inf,-inf
-inf,-inf,-inf,-inf,-inf,-inf,-inf,-inf,-inf,-inf,172.3716583251953,-inf,-inf,-inf,-inf,168.52430725097656,-inf,-inf,-inf,-inf,-inf,-inf,-inf,-inf,-inf,-inf,-inf,-inf,-inf,-inf,-inf,-inf,-inf,-inf,-inf,-inf,-inf,-inf,-inf,-inf,-inf,-inf,176.2866668701172,258.5219421386719,-inf,-inf,-inf,126.63538360595703,-inf,-inf,-inf,-inf,-inf,-inf,-inf,-inf,-inf,-inf,-inf,-inf,-inf,-inf,-inf,-inf,-inf,-inf,174.49110412597656,-inf,-inf,-inf,-inf,-inf,-inf,183.9421844482422,-inf,217.03790283203125,-inf,-inf,-inf,-inf,-inf,-inf,-inf,-inf,-inf,-inf,-inf,-inf,-inf,-inf,-inf,-inf,-inf,-inf,-inf,139.76986694335938,-inf,-inf,-inf,-inf,-inf,-inf,-inf,-inf,-inf,-inf,-inf,-inf,-inf,-inf,-inf,-inf,-inf,-inf,-inf,-inf,-inf,-inf,-inf,-inf,-inf,-inf,-inf,-inf,-inf,-inf,-inf,-inf,-inf,-inf,-inf,-inf,-inf,-inf,-inf,-inf,-inf,-inf,-inf,-inf,-inf,-inf,-inf,-inf,-inf,-inf,-inf,-inf,-inf,-inf
139.3831024169922,-inf,-inf,-inf,-inf,-inf,-inf,-inf,-inf,-inf,-inf,-inf,-inf,-inf,-inf,-inf,-inf,-inf,-inf,-inf,204.33786010742188,-inf,-inf,-inf,-inf,-inf,-inf,-inf,-inf,-inf,-inf,-inf,120.01925659179688,-inf,-inf,-inf,265.4718322753906,-inf,-inf,-inf,-inf,-inf,-inf,-inf,-inf,-inf,-inf,-inf,192.89532470703125,192.6746063232422,-inf,-inf,-inf,-inf,-inf,-inf,-inf,184.97970581054688,-inf,-inf,-inf,-inf,-inf,-inf,-inf,-inf,-inf,-inf,196.18023681640625,-inf,-inf,-inf,-inf,-inf,-inf,-inf,-inf,-inf,-inf,-inf,164.76856994628906,189.33041381835938,-inf,-inf,-inf,-inf,-inf,-inf,-inf,-inf,-inf,-inf,-inf,-inf,-inf,-inf,-inf,-inf,-inf,-inf,266.7935485839844,263.56707763671875,265.7231140136719,266.6417541503906,268.0210266113281,-inf,-inf,-inf,-inf,-inf,-inf,-inf,-inf,-inf,-inf,-inf,-inf,-inf,-inf,-inf,-inf,-inf,-inf,-inf,-inf,-inf,-inf,-inf,-inf,-inf,-inf,-inf,-inf,-inf,-inf,-inf,-inf,-inf,-inf,-inf,-inf,-inf,-inf,-inf,-inf,-inf,-inf,-inf,-inf,-inf
-inf,-inf,-inf,-inf,-inf,-inf,-inf,-inf,-inf,192.41238403320312,-inf,-inf,-inf,-inf,-inf,-inf,-inf,-inf,-inf,-inf,-inf,-inf,-inf,-inf,-inf,-inf,-inf,-inf,-inf,-inf,-inf,-inf,-inf,-inf,-inf,-inf,-inf,-inf,-inf,260.7711181640625,-inf,-inf,-inf,127.85200500488281,-inf,-inf,-inf,-inf,-inf,-inf,-inf,-inf,-inf,-inf,-inf,-inf,-inf,-inf,186.94647216796875,-inf,-inf,-inf,-inf,-inf,-inf,-inf,-inf,-inf,-inf,-inf,-inf,208.5897216796875,-inf,-inf,-inf,194.1827850341797,-inf,-inf,-inf,-inf,-inf,-inf,-inf,-inf,-inf,-inf,-inf,-inf,-inf,-inf,179.24691772460938,-inf,-inf,-inf,-inf,-inf,-inf,-inf,177.67529296875,-inf,203.5753936767578,-inf,-inf,-inf,-inf,-inf,-inf,-inf,-inf,-inf,-inf,-inf,-inf,-inf,-inf,-inf,-inf,-inf,-inf,-inf,-inf,-inf,-inf,-inf,-inf,-inf,-inf,-inf,-inf,-inf,-inf,-inf,-inf,-inf,-inf,-inf,-inf,-inf,-inf,-inf,-inf,-inf,-inf,-inf,-inf,-inf,-inf,-inf,-inf,-inf
-inf,-inf,-inf,-inf,-inf,-inf,-inf,-inf,-inf,-inf,-inf,159.74928283691406,-inf,-inf,-inf,-inf,-inf,-inf,-inf,-inf,-inf,-inf,-inf,-inf,-inf,-inf,-inf,-inf,-inf,-inf,-inf,-inf,-inf,-inf,193.9104461669922,-inf,-inf,-inf,-inf,-inf,-inf,-inf,-inf,116.62140655517578,-inf,-inf,-inf,-inf,-inf,-inf,-inf,-inf,-inf,-inf,-inf,-inf,-inf,-inf,166.74569702148438,-inf,-inf,-inf,-inf,-inf,-inf,-inf,176.6185302734375,-inf,-inf,-inf,-inf,-inf,-inf,-inf,-inf,-inf,-inf,-inf,-inf,-inf,-inf,-inf,-inf,-inf,-inf,-inf,-inf,220.3005828857422,-inf,-inf,-inf,149.03857421875,-inf,-inf,-inf,-inf,-inf,-inf,-inf,-inf,-inf,-inf,-inf,-inf,-inf,-inf,-inf,-inf,-inf,-inf,-inf,-inf,-inf,-inf,-inf,-inf,-inf,-inf,-inf,-inf,-inf,-inf,-inf,-inf,-inf,-inf,-inf,-inf,-inf,-inf,-inf,-inf,-inf,-inf,-inf,-inf,-inf,-inf,-inf,-inf,-inf,-inf,-inf,-inf,-inf,-inf,-inf,-inf,-inf,-inf
-inf,-inf,177.6436767578125,-inf,-inf,-inf,-inf,183.35992431640625,-inf,-inf,-inf,185.970458984375,-inf,-inf,-inf,-inf,-inf,-inf,176.3623046875,-inf,-inf,-inf,-inf,-inf,-inf,-inf,-inf,-inf,-inf,-inf,-inf,-inf,-inf,-inf,-inf,-inf,-inf,-inf,-inf,-inf,-inf,-inf,192.30421447753906,-inf,-inf,-inf,-inf,-inf,-inf,-inf,-inf,-inf,-inf,-inf,-inf,-inf,-inf,-inf,-inf,233.61520385742188,-inf,-inf,-inf,-inf,-inf,-inf,179.51785278320312,-inf,-inf,-inf,-inf,-inf,-inf,-inf,190.0300750732422,-inf,-inf,-inf,-inf,-inf,-inf,-inf,-inf,-inf,-inf,-inf,-inf,-inf,-inf,-inf,-inf,-inf,-inf,-inf,-inf,-inf,-inf,-inf,-inf,-inf,-inf,-inf,-inf,-inf,-inf,-inf,-inf,-inf,-inf,-inf,-inf,-inf,-inf,-inf,-inf,-inf,-inf,-inf,-inf,-inf,-inf,-inf,-inf,-inf,-inf,-inf,-inf,-inf,-inf,-inf,-inf,-inf,-inf,-inf,-inf,-inf,-inf,-inf,-inf,-inf,-inf,-inf,-inf,-inf,-inf,-inf,-inf,-inf,-inf,-inf
-inf,-inf,-inf,-inf,-inf,-inf,-inf,-inf,-inf,-inf,200.52584838867188,-inf,-inf,-inf,122.96920013427734,-inf,-inf,-inf,-inf,-inf,-inf,-inf,-inf,170.13662719726562,-inf,-inf,-inf,-inf,-inf,-inf,136.2947235107422,-inf,-inf,-inf,-inf,-inf,-inf,-inf,-inf,-inf,-inf,-inf,-inf,-inf,-inf,-inf,-inf,-inf,-inf,-inf,-inf,-inf,-inf,-inf,-inf,-inf,-inf,-inf,259.5317077636719,-inf,-inf,-inf,-inf,182.1427764892578,-inf,-inf,-inf,-inf,-inf,-inf,-inf,-inf,-inf,-inf,162.36636352539062,-inf,-inf,-inf,160.65435791015625,-inf,-inf,-inf,-inf,-inf,-inf,-inf,-inf,180.7606201171875,-inf,-inf,-inf,-inf,-inf,-inf,-inf,192.5546112060547,-inf,-inf,-inf,-inf,-inf,-inf,-inf,-inf,-inf,-inf,-inf,-inf,-inf,-inf,-inf,-inf,-inf,-inf,-inf,-inf,-inf,-inf,-inf,-inf,-inf,-inf,-inf,-inf,-inf,-inf,-inf,-inf,-inf,-inf,-inf,-inf,-inf,-inf,-inf,-inf,-inf,-inf,-inf,-inf,-inf,-inf,-inf,-inf,-inf,-inf,-inf,-inf,-inf,-inf
-inf,-inf,-inf,-inf,-inf,-inf,-inf,-inf,-inf,-inf,-inf,186.55044555664062,-inf,-inf,-inf,-inf,-inf,-inf,-inf,174.36630249023438,-inf,-inf,-inf,-inf,-inf,-inf,-inf,-inf,-inf,-inf,205.278564453125,-inf,-inf,-inf,-inf,-inf,-inf,-inf,-inf,-inf,-inf,-inf,-inf,-inf,-inf,-inf,248.9517364501953,-inf,-inf,-inf,-inf,183.32012939453125,-inf,-inf,-inf,-inf,-inf,-inf,197.5973663330078,-inf,-inf,-inf,-inf,-inf,-inf,-inf,-inf,-inf,-inf,-inf,-inf,-inf,-inf,-inf,-inf,-inf,-inf,-inf,187.1378936767578,-inf,-inf,-inf,-inf,-inf,-inf,-inf,-inf,-inf,-inf,-inf,165.70481872558594,-inf,-inf,-inf,-inf,-inf,-inf,-inf,-inf,-inf,-inf,-inf,-inf,-inf,-inf,-inf,-inf,-inf,-inf,-inf,-inf,-inf,-inf,-inf,-inf,-inf,-inf,-inf,-inf,-inf,-inf,-inf,-inf,-inf,-inf,-inf,-inf,-inf,-inf,-inf,-inf,-inf,-inf,-inf,-inf,-inf,-inf,-inf,-inf,-inf,-inf,-inf,-inf,-inf,-inf,-inf,-inf,-inf,-inf,-inf
-inf,-inf,-inf,-inf,-inf,-inf,-inf,-inf,-inf,-inf,-inf,-inf,-inf,181.44981384277344,-inf,-inf,-inf,-inf,-inf,-inf,-inf,-inf,-inf,-inf,-inf,238.0108184814453,-inf,-inf,-inf,-inf,-inf,-inf,-inf,-inf,-inf,-inf,-inf,-inf,-inf,-inf,-inf,191.37525939941406,-inf,-inf,-inf,-inf,-inf,-inf,-inf,-inf,-inf,-inf,-inf,-inf,-inf,-inf,190.56076049804688,-inf,-inf,-inf,-inf,171.04153442382812,-inf,-inf,-inf,-inf,-inf,-inf,-inf,-inf,-inf,-inf,-inf,222.82073974609375,-inf,-inf,-inf,-inf,-inf,-inf,182.3643798828125,-inf,-inf,-inf,-inf,-inf,-inf,-inf,181.17579650878906,164.4626922607422,-inf,-inf,-inf,-inf,-inf,-inf,-inf,-inf,-inf,-inf,-inf,-inf,-inf,-inf,-inf,-inf,-inf,-inf,-inf,-inf,-inf,-inf,-inf,-inf,-inf,-inf,-inf,-inf,-inf,-inf,-inf,-inf,-inf,-inf,-inf,-inf,-inf,-inf,-inf,-inf,-inf,-inf,-inf,-inf,-inf,-inf,-inf,-inf,-inf,-inf,-inf,-inf,-inf,-inf,-inf,-inf,-inf,-inf,-inf,-inf
-inf,-inf,-inf,170.70599365234375,-inf,-inf,-inf,-inf,-inf,-inf,167.67831420898438,-inf,-inf,-inf,-inf,-inf,-inf,-inf,-inf,-inf,-inf,-inf,-inf,-inf,-inf,-inf,-inf,-inf,-inf,-inf,160.66009521484375,-inf,-inf,-inf,-inf,-inf,-inf,-inf,-inf,-inf,-inf,-inf,-inf,-inf,-inf,-inf,-inf,-inf,-inf,-inf,-inf,-inf,-inf,-inf,-inf,-inf,-inf,-inf,223.8354034423828,190.8240203857422,-inf,-inf,-inf,-inf,-inf,-inf,-inf,165.65000915527344,-inf,-inf,-inf,-inf,-inf,-inf,-inf,-inf,-inf,-inf,138.052001953125,-inf,-inf,-inf,-inf,-inf,-inf,-inf,-inf,-inf,-inf,-inf,219.29031372070312,197.42544555664062,-inf,-inf,-inf,-inf,-inf,-inf,-inf,-inf,-inf,-inf,-inf,-inf,-inf,-inf,-inf,-inf,-inf,-inf,-inf,-inf,-inf,-inf,-inf,-inf,-inf,-inf,-inf,-inf,-inf,-inf,-inf,-inf,-inf,-inf,-inf,-inf,-inf,-inf,-inf,-inf,-inf,-inf,-inf,-inf,-inf,-inf,-inf,-inf,-inf,-inf,-inf,-inf,-inf,-inf,-inf,-inf,-inf,-inf
-inf,-inf,-inf,-inf,-inf,-inf,-inf,-inf,-inf,-inf,196.3790740966797,-inf,-inf,-inf,-inf,-inf,-inf,-inf,-inf,183.5833740234375,-inf,-inf,-inf,-inf,-inf,-inf,-inf,-inf,-inf,-inf,-inf,-inf,-inf,-inf,-inf,-inf,-inf,-inf,-inf,-inf,-inf,-inf,-inf,-inf,-inf,-inf,203.5289764404297,-inf,-inf,-inf,-inf,-inf,-inf,-inf,-inf,-inf,-inf,-inf,226.8800048828125,173.97792053222656,-inf,-inf,-inf,-inf,-inf,-inf,-inf,-inf,-inf,-inf,-inf,-inf,-inf,-inf,-inf,-inf,-inf,-inf,156.30975341796875,-inf,-inf,-inf,-inf,-inf,-inf,-inf,-inf,-inf,-inf,-inf,181.53582763671875,-inf,-inf,-inf,-inf,-inf,-inf,-inf,-inf,-inf,-inf,-inf,-inf,-inf,-inf,-inf,-inf,-inf,-inf,-inf,-inf,-inf,-inf,-inf,-inf,-inf,-inf,-inf,-inf,-inf,-inf,-inf,-inf,-inf,-inf,-inf,-inf,-inf,-inf,-inf,-inf,-inf,-inf,-inf,-inf,-inf,-inf,-inf,-inf,-inf,-inf,-inf,-inf,-inf,-inf,-inf,-inf,-inf,-inf,-inf
-inf,227.93955993652344,-inf,-inf,-inf,-inf,-inf,-inf,-inf,-inf,-inf,143.0727081298828,-inf,-inf,-inf,-inf,-inf,-inf,-inf,-inf,-inf,-inf,-inf,-inf,-inf,-inf,-inf,-inf,-inf,-inf,-inf,199.77113342285156,-inf,-inf,-inf,-inf,-inf,-inf,-inf,-inf,-inf,-inf,-inf,-inf,-inf,-inf,-inf,-inf,-inf,-inf,-inf,-inf,-inf,-inf,-inf,-inf,-inf,-inf,-inf,-inf,-inf,-inf,-inf,165.9063720703125,-inf,-inf,172.5058135986328,-inf,-inf,-inf,-inf,-inf,-inf,-inf,-inf,-inf,-inf,-inf,-inf,176.5759735107422,-inf,-inf,-inf,-inf,-inf,-inf,-inf,-inf,-inf,-inf,187.19894409179688,-inf,-inf,-inf,-inf,-inf,-inf,-inf,188.0553741455078,-inf,241.4791259765625,240.9275360107422,245.23777770996094,245.06900024414062,242.16925048828125,242.40748596191406,240.09152221679688,-inf,-inf,-inf,-inf,-inf,-inf,-inf,-inf,-inf,-inf,-inf,-inf,-inf,-inf,-inf,-inf,-inf,-inf,-inf,-inf,-inf,-inf,-inf,-inf,-inf,-inf,-inf,-inf,-inf,-inf,-inf,-inf,-inf,-inf,-inf,-inf,-inf,-inf,-inf,-inf,-inf,-inf,-inf
-inf,-inf,-inf,-inf,-inf,-inf,-inf,225.8340301513672,-inf,-inf,-inf,-inf,-inf,-inf,-inf,-inf,-inf,-inf,-inf,-inf,-inf,-inf,-inf,-inf,-inf,-inf,-inf,-inf,-inf,-inf,-inf,-inf,-inf,-inf,-inf,136.73141479492188,-inf,-inf,-inf,-inf,-inf,-inf,-inf,-inf,-inf,-inf,-inf,-inf,-inf,-inf,-inf,118.41710662841797,-inf,-inf,-inf,202.98248291015625,-inf,-inf,-inf,-inf,-inf,-inf,-inf,-inf,-inf,-inf,-inf,-inf,-inf,-inf,-inf,-inf,-inf,-inf,-inf,-inf,-inf,-inf,-inf,-inf,-inf,-inf,-inf,-inf,-inf,-inf,-inf,262.9478454589844,-inf,-inf,-inf,-inf,-inf,-inf,-inf,-inf,-inf,-inf,183.99229431152344,-inf,-inf,-inf,-inf,-inf,-inf,-inf,-inf,-inf,-inf,-inf,-inf,-inf,-inf,-inf,-inf,-inf,-inf,-inf,-inf,-inf,-inf,-inf,-inf,-inf,-inf,-inf,-inf,-inf,-inf,-inf,-inf,-inf,-inf,-inf,-inf,-inf,-inf,-inf,-inf,-inf,-inf,-inf,-inf,-inf,-inf,-inf,-inf,-inf,-inf,-inf
-inf,-inf,-inf,-inf,-inf,-inf,-inf,193.07089233398438,-inf,-inf,-inf,-inf,-inf,-inf,-inf,-inf,-inf,-inf,-inf,-inf,-inf,-inf,197.96319580078125,-inf,-inf,-inf,-inf,-inf,-inf,-inf,-inf,-inf,-inf,-inf,-inf,-inf,-inf,-inf,143.50148010253906,-inf,-inf,-inf,-inf,-inf,-inf,-inf,-inf,172.1085968017578,-inf,-inf,220.549072265625,-inf,-inf,-inf,-inf,-inf,-inf,-inf,-inf,-inf,183.10137939453125,-inf,-inf,-inf,-inf,-inf,-inf,-inf,-inf,-inf,-inf,-inf,-inf,-inf,-inf,-inf,-inf,-inf,-inf,-inf,-inf,-inf,230.75733947753906,-inf,-inf,-inf,-inf,-inf,-inf,-inf,-inf,-inf,-inf,-inf,-inf,-inf,-inf,-inf,-inf,-inf,-inf,-inf,-inf,-inf,-inf,-inf,-inf,-inf,-inf,-inf,-inf,-inf,-inf,-inf,-inf,-inf,-inf,-inf,-inf,-inf,-inf,-inf,-inf,-inf,-inf,-inf,-inf,-inf,-inf,-inf,-inf,-inf,-inf,-inf,-inf,-inf,-inf,-inf,-inf,-inf,-inf,-inf,-inf,-inf,-inf,-inf,-inf,-inf,-inf,-inf
-inf,-inf,-inf,-inf,-inf,-inf,-inf,-inf,-inf,-inf,-inf,-inf,-inf,-inf,-inf,-inf,-inf,-inf,-inf,-inf,-inf,-inf,-inf,-inf,-inf,-inf,-inf,-inf,-inf,-inf,-inf,180.6104278564453,-inf,-inf,-inf,-inf,-inf,-inf,-inf,-inf,-inf,-inf,-inf,-inf,-inf,-inf,-inf,-inf,-inf,-inf,198.68405151367188,-inf,-inf,-inf,-inf,-inf,-inf,-inf,186.20310974121094,187.66488647460938,-inf,-inf,-inf,-inf,-inf,-inf,-inf,-inf,-inf,-inf,-inf,-inf,-inf,-inf,-inf,-inf,-inf,-inf,-inf,210.7608642578125,-inf,-inf,-inf,-inf,-inf,-inf,-inf,-inf,-inf,-inf,-inf,135.94361877441406,-inf,-inf,-inf,-inf,-inf,-inf,175.4871063232422,-inf,-inf,-inf,-inf,-inf,-inf,-inf,-inf,-inf,-inf,-inf,-inf,-inf,-inf,-inf,-inf,-inf,-inf,-inf,-inf,-inf,-inf,-inf,-inf,-inf,-inf,-inf,-inf,-inf,-inf,-inf,-inf,-inf,-inf,-inf,-inf,-inf,-inf,-inf,-inf,-inf,-inf,-inf,-inf,-inf,-inf,-inf,-inf,-inf,-inf,-inf
-inf,-inf,-inf,-inf,-inf,-inf,-inf,-inf,-inf,-inf,130.62759399414062,-inf,-inf,-inf,-inf,-inf,-inf,-inf,-inf,-inf,-inf,-inf,-inf,-inf,-inf,-inf,-inf,-inf,-inf,-inf,-inf,-inf,-inf,-inf,-inf,-inf,-inf,-inf,-inf,-inf,-inf,-inf,-inf,-inf,-inf,-inf,-inf,-inf,-inf,-inf,-inf,-inf,-inf,-inf,-inf,-inf,-inf,-inf,-inf,-inf,-inf,-inf,-inf,-inf,-inf,-inf,-inf,-inf,-inf,-inf,-inf,165.04347229003906,-inf,-inf,-inf,-inf,-inf,-inf,-inf,-inf,-inf,-inf,-inf,-inf,-inf,-inf,211.94247436523438,-inf,-inf,-inf,-inf,-inf,-inf,-inf,-inf,-inf,-inf,-inf,-inf,-inf,-inf,-inf,-inf,-inf,-inf,-inf,-inf,-inf,-inf,-inf,-inf,-inf,-inf,-inf,-inf,-inf,-inf,-inf,-inf,-inf,-inf,-inf,-inf,-inf,-inf,-inf,-inf,-inf,-inf,-inf,-inf,-inf,-inf,-inf,-inf,-inf,-inf,-inf,-inf,-inf,-inf,-inf,-inf,-inf,-inf,-inf,-inf,-inf,-inf,-inf
-inf,-inf,-inf,-inf,-inf,-inf,-inf,-inf,-inf,-inf,-inf,-inf,-inf,-inf,-inf,-inf,-inf,-inf,-inf,-inf,-inf,183.8562774658203,-inf,-inf,-inf,-inf,-inf,-inf,-inf,-inf,-inf,-inf,-inf,-inf,-inf,-inf,-inf,-inf,-inf,-inf,-inf,-inf,-inf,-inf,224.37973022460938,-inf,-inf,-inf,-inf,-inf,-inf,-inf,-inf,-inf,-inf,-inf,-inf,-inf,-inf,-inf,-inf,171.29969787597656,239.4442138671875,-inf,-inf,-inf,-inf,-inf,-inf,-inf,-inf,-inf,-inf,-inf,-inf,-inf,253.78656005859375,-inf,-inf,-inf,-inf,-inf,-inf,-inf,-inf,-inf,-inf,-inf,181.74407958984375,-inf,-inf,-inf,-inf,-inf,-inf,-inf,-inf,-inf,-inf,-inf,255.1998291015625,257.4773864746094,257.2878723144531,255.26014709472656,258.5430908203125,252.84490966796875,259.1836853027344,256.526123046875,-inf,-inf,-inf,-inf,-inf,-inf,-inf,-inf,-inf,-inf,-inf,-inf,-inf,-inf,-inf,-inf,-inf,-inf,-inf,-inf,-inf,-inf,-inf,-inf,-inf,-inf,-inf,-inf,-inf,-inf,-inf,-inf,-inf,-inf,-inf,-inf,-inf,-inf,-inf,-inf,-inf,-inf
-inf,-inf,-inf,-inf,-inf,-inf,-inf,-inf,-inf,-inf,-inf,-inf,-inf,-inf,-inf,-inf,-inf,-inf,-inf,-inf,-inf,143.6271514892578,-inf,-inf,183.2239990234375,-inf,-inf,-inf,-inf,-inf,-inf,-inf,168.8791961669922,-inf,-inf,-inf,-inf,-inf,-inf,-inf,200.02371215820312,-inf,-inf,-inf,-inf,-inf,-inf,-inf,-inf,225.56358337402344,-inf,-inf,-inf,-inf,-inf,-inf,-inf,-inf,-inf,-inf,-inf,-inf,-inf,-inf,-inf,-inf,-inf,-inf,-inf,152.18052673339844,-inf,-inf,-inf,-inf,-inf,-inf,-inf,-inf,-inf,-inf,-inf,193.96571350097656,-inf,-inf,-inf,-inf,-inf,-inf,-inf,-inf,-inf,-inf,-inf,-inf,-inf,-inf,165.3255157470703,264.9321594238281,-inf,-inf,226.01541137695312,223.8008270263672,228.4074249267578,220.91970825195312,230.542236328125,227.2136993408203,227.62020874023438,225.02716064453125,232.0125732421875,-inf,-inf,-inf,-inf,-inf,-inf,-inf,-inf,-inf,-inf,-inf,-inf,-inf,-inf,-inf,-inf,-inf,-inf,-inf,-inf,-inf,-inf,-inf,-inf,-inf,-inf,-inf,-inf,-inf,-inf,-inf,-inf,-inf,-inf,-inf,-inf,-inf,-inf,-inf,-inf,-inf
-inf,-inf,-inf,-inf,-inf,-inf,-inf,-inf,-inf,-inf,-inf,-inf,-inf,-inf,-inf,-inf,-inf,132.83798217773438,-inf,-inf,-inf,-inf,-inf,-inf,-inf,-inf,-inf,-inf,-inf,256.0163269042969,-inf,-inf,-inf,202.6895294189453,-inf,-inf,-inf,-inf,-inf,-inf,-inf,-inf,-inf,-inf,-inf,-inf,-inf,-inf,-inf,108.43299102783203,-inf,-inf,-inf,-inf,-inf,-inf,-inf,-inf,-inf,-inf,-inf,-inf,-inf,-inf,-inf,153.3881072998047,-inf,-inf,-inf,-inf,-inf,-inf,-inf,-inf,-inf,-inf,-inf,231.34109497070312,-inf,-inf,170.46295166015625,-inf,-inf,-inf,-inf,-inf,-inf,-inf,-inf,-inf,-inf,-inf,-inf,-inf,-inf,-inf,-inf,-inf,-inf,-inf,-inf,-inf,-inf,-inf,-inf,-inf,-inf,-inf,-inf,-inf,-inf,-inf,-inf,-inf,-inf,-inf,-inf,-inf,-inf,-inf,-inf,-inf,-inf,-inf,-inf,-inf,-inf,-inf,-inf,-inf,-inf,-inf,-inf,-inf,-inf,-inf,-inf,-inf,-inf,-inf,-inf,-inf,-inf,-inf,-inf,-inf,-inf,-inf,-inf,-inf
-inf,-inf,-inf,-inf,-inf,-inf,-inf,-inf,191.91342163085938,-inf,-inf,-inf,-inf,-inf,-inf,-inf,-inf,199.09063720703125,-inf,-inf,-inf,-inf,-inf,-inf,-inf,-inf,-inf,-inf,-inf,170.49105834960938,-inf,-inf,-inf,140.3462677001953,-inf,-inf,-inf,-inf,-inf,-inf,191.83023071289062,-inf,-inf,223.90338134765625,-inf,239.3707275390625,-inf,-inf,-inf,-inf,-inf,-inf,-inf,-inf,-inf,-inf,-inf,-inf,-inf,-inf,-inf,-inf,-inf,-inf,-inf,209.7980499267578,-inf,-inf,-inf,-inf,-inf,-inf,-inf,-inf,-inf,-inf,-inf,206.55377197265625,-inf,-inf,175.1820831298828,-inf,-inf,-inf,-inf,-inf,-inf,-inf,-inf,-inf,-inf,-inf,-inf,-inf,-inf,-inf,-inf,-inf,-inf,-inf,-inf,-inf,-inf,-inf,-inf,-inf,-inf,-inf,-inf,-inf,-inf,-inf,-inf,-inf,-inf,-inf,-inf,-inf,-inf,-inf,-inf,-inf,-inf,-inf,-inf,-inf,-inf,-inf,-inf,-inf,-inf,-inf,-inf,-inf,-inf,-inf,-inf,-inf,-inf,-inf,-inf,-inf,-inf,-inf,-inf,-inf,-inf,-inf,-inf,-inf
-inf,-inf,176.9219512939453,-inf,-inf,-inf,-inf,-inf,-inf,-inf,-inf,-inf,-inf,-inf,173.3799285888672,-inf,-inf,-inf,-inf,-inf,-inf,-inf,-inf,-inf,-inf,-inf,-inf,195.7615509033203,-inf,-inf,-inf,-inf,-inf,-inf,-inf,-inf,-inf,-inf,-inf,-inf,-inf,-inf,-inf,-inf,-inf,-inf,164.51239013671875,-inf,-inf,-inf,149.4176788330078,-inf,-inf,-inf,-inf,-inf,207.2270965576172,-inf,-inf,194.26971435546875,-inf,-inf,227.36087036132812,-inf,-inf,-inf,-inf,177.02188110351562,-inf,-inf,-inf,-inf,-inf,-inf,-inf,-inf,-inf,-inf,-inf,-inf,-inf,-inf,201.04164123535156,-inf,-inf,-inf,-inf,-inf,-inf,-inf,-inf,-inf,-inf,-inf,191.01478576660156,-inf,-inf,-inf,168.69163513183594,182.12290954589844,-inf,-inf,-inf,-inf,-inf,-inf,-inf,-inf,-inf,-inf,-inf,-inf,-inf,-inf,-inf,-inf,-inf,-inf,-inf,-inf,-inf,-inf,-inf,-inf,-inf,-inf,-inf,-inf,-inf,-inf,-inf,-inf,-inf,-inf,-inf,-inf,-inf,-inf,-inf,-inf,-inf,-inf,-inf,-inf,-inf,-inf,-inf,-inf,-inf,-inf
204.79368591308594,-inf,-inf,-inf,-inf,184.62673950195312,-inf,-inf,-inf,-inf,-inf,-inf,204.6418914794922,-inf,-inf,-inf,-inf,-inf,-inf,-inf,-inf,-inf,-inf,-inf,-inf,-inf,-inf,-inf,-inf,-inf,-inf,-inf,-inf,-inf,-inf,-inf,-inf,-inf,-inf,-inf,-inf,-inf,-inf,-inf,-inf,177.57981872558594,-inf,-inf,-inf,-inf,-inf,-inf,-inf,-inf,186.39767456054688,-inf,-inf,-inf,-inf,-inf,166.37095642089844,-inf,-inf,-inf,171.22817993164062,-inf,-inf,-inf,-inf,188.25881958007812,-inf,-inf,-inf,-inf,-inf,-inf,-inf,-inf,-inf,-inf,170.1904754638672,-inf,-inf,-inf,-inf,-inf,-inf,-inf,-inf,-inf,-inf,-inf,174.8448028564453,-inf,-inf,-inf,228.42819213867188,-inf,-inf,-inf,265.42596435546875,264.927734375,262.67523193359375,261.226318359375,263.3800964355469,-inf,-inf,-inf,-inf,-inf,-inf,-inf,-inf,-inf,-inf,-inf,-inf,-inf,-inf,-inf,-inf,-inf,-inf,-inf,-inf,-inf,-inf,-inf,-inf,-inf,-inf,-inf,-inf,-inf,-inf,-inf,-inf,-inf,-inf,-inf,-inf,-inf,-inf,-inf,-inf,-inf,-inf,-inf,-inf,-inf
-inf,-inf,-inf,-inf,-inf,-inf,-inf,-inf,-inf,-inf,-inf,-inf,-inf,-inf,-inf,-inf,-inf,-inf,-inf,-inf,-inf,-inf,-inf,-inf,-inf,-inf,-inf,-inf,-inf,178.9318084716797,-inf,-inf,147.89218139648438,-inf,-inf,-inf,-inf,-inf,-inf,-inf,-inf,-inf,-inf,-inf,-inf,-inf,-inf,-inf,-inf,-inf,-inf,-inf,-inf,-inf,-inf,-inf,-inf,-inf,-inf,-inf,-inf,-inf,-inf,-inf,179.3802947998047,-inf,-inf,-inf,-inf,-inf,-inf,-inf,-inf,-inf,-inf,-inf,220.1539764404297,-inf,-inf,-inf,-inf,-inf,-inf,-inf,-inf,-inf,-inf,-inf,-inf,-inf,-inf,-inf,-inf,-inf,-inf,-inf,-inf,-inf,-inf,-inf,-inf,-inf,-inf,-inf,-inf,-inf,-inf,-inf,-inf,-inf,-inf,-inf,-inf,-inf,-inf,-inf,-inf,-inf,-inf,-inf,-inf,-inf,-inf,-inf,-inf,-inf,-inf,-inf,-inf,-inf,-inf,-inf,-inf,-inf,-inf,-inf,-inf,-inf,-inf,-inf,-inf,-inf,-inf,-inf,-inf,-inf,-inf,-inf,-inf,-inf
-inf,-inf,-inf,-inf,-inf,-inf,-inf,-inf,-inf,-inf,-inf,-inf,-inf,-inf,-inf,-inf,-inf,174.57550048828125,-inf,-inf,-inf,-inf,-inf,-inf,-inf,-inf,-inf,-inf,175.97747802734375,-inf,-inf,-inf,-inf,-inf,-inf,-inf,-inf,-inf,-inf,-inf,-inf,-inf,-inf,-inf,168.21994018554688,-inf,-inf,-inf,-inf,-inf,-inf,-inf,-inf,-inf,-inf,-inf,177.91441345214844,188.54356384277344,-inf,-inf,-inf,-inf,-inf,-inf,-inf,-inf,-inf,-inf,-inf,-inf,-inf,-inf,-inf,-inf,-inf,-inf,-inf,-inf,-inf,-inf,-inf,177.3125762939453,-inf,-inf,-inf,-inf,-inf,-inf,-inf,186.72828674316406,-inf,-inf,119.30876922607422,-inf,-inf,-inf,-inf,-inf,-inf,-inf,-inf,-inf,-inf,-inf,-inf,-inf,-inf,-inf,-inf,-inf,-inf,-inf,-inf,-inf,-inf,-inf,-inf,-inf,-inf,-inf,-inf,-inf,-inf,-inf,-inf,-inf,-inf,-inf,-inf,-inf,-inf,-inf,-inf,-inf,-inf,-inf,-inf,-inf,-inf,-inf,-inf,-inf,-inf,-inf,-inf,-inf,-inf,-inf,-inf,-inf
-inf,-inf,-inf,-inf,-inf,139.57955932617188,-inf,-inf,-inf,-inf,-inf,-inf,-inf,-inf,-inf,-inf,193.58154296875,-inf,-inf,-inf,-inf,-inf,-inf,-inf,178.35659790039062,-inf,-inf,-inf,-inf,-inf,-inf,-inf,-inf,-inf,-inf,-inf,-inf,-inf,-inf,-inf,-inf,-inf,-inf,-inf,-inf,-inf,-inf,-inf,-inf,-inf,-inf,-inf,-inf,-inf,-inf,-inf,173.93052673339844,171.10888671875,-inf,-inf,-inf,-inf,-inf,-inf,-inf,-inf,-inf,-inf,-inf,-inf,-inf,-inf,-inf,-inf,-inf,-inf,-inf,-inf,-inf,-inf,-inf,-inf,-inf,-inf,-inf,165.72665405273438,-inf,-inf,-inf,-inf,-inf,-inf,-inf,-inf,-inf,-inf,-inf,-inf,-inf,-inf,-inf,-inf,-inf,-inf,-inf,-inf,-inf,-inf,-inf,-inf,-inf,-inf,-inf,-inf,-inf,-inf,-inf,-inf,-inf,-inf,-inf,-inf,-inf,-inf,-inf,-inf,-inf,-inf,-inf,-inf,-inf,-inf,-inf,-inf,-inf,-inf,-inf,-inf,-inf,-inf,-inf,-inf,-inf,-inf,-inf,-inf,-inf,-inf,-inf,-inf
-inf,-inf,-inf,-inf,-inf,155.4039764404297,-inf,-inf,-inf,-inf,-inf,-inf,-inf,-inf,-inf,-inf,-inf,-inf,-inf,-inf,-inf,-inf,-inf,-inf,186.6302490234375,-inf,-inf,-inf,-inf,-inf,-inf,-inf,193.8691864013672,-inf,-inf,-inf,-inf,-inf,-inf,-inf,-inf,-inf,-inf,-inf,-inf,-inf,-inf,-inf,-inf,-inf,-inf,-inf,-inf,216.55958557128906,-inf,-inf,-inf,-inf,-inf,-inf,-inf,-inf,-inf,-inf,-inf,-inf,-inf,-inf,-inf,111.87545013427734,-inf,-inf,-inf,-inf,-inf,-inf,-inf,-inf,-inf,-inf,-inf,-inf,-inf,-inf,-inf,-inf,-inf,-inf,-inf,234.79898071289062,-inf,-inf,-inf,-inf,-inf,-inf,183.197509765625,-inf,-inf,-inf,-inf,-inf,-inf,-inf,-inf,-inf,-inf,-inf,-inf,-inf,-inf,-inf,-inf,-inf,-inf,-inf,-inf,-inf,-inf,-inf,-inf,-inf,-inf,-inf,-inf,-inf,-inf,-inf,-inf,-inf,-inf,-inf,-inf,-inf,-inf,-inf,-inf,-inf,-inf,-inf,-inf,-inf,-inf,-inf,-inf,-inf,-inf,-inf,-inf,-inf
-inf,-inf,178.5101318359375,-inf,-inf,-inf,-inf,-inf,-inf,-inf,-inf,-inf,-inf,-inf,-inf,140.4034881591797,-inf,-inf,-inf,-inf,-inf,-inf,-inf,-inf,-inf,-inf,174.82252502441406,212.51211547851562,-inf,-inf,-inf,114.27908325195312,-inf,-inf,-inf,-inf,-inf,-inf,-inf,-inf,-inf,-inf,-inf,249.76869201660156,-inf,-inf,-inf,-inf,-inf,-inf,-inf,-inf,-inf,-inf,-inf,-inf,-inf,-inf,-inf,-inf,-inf,-inf,-inf,187.0370635986328,-inf,-inf,-inf,-inf,-inf,-inf,-inf,-inf,-inf,-inf,-inf,-inf,-inf,-inf,-inf,-inf,-inf,-inf,-inf,-inf,-inf,-inf,-inf,-inf,-inf,-inf,-inf,-inf,-inf,-inf,-inf,167.95655822753906,-inf,-inf,-inf,-inf,-inf,-inf,-inf,-inf,-inf,-inf,-inf,-inf,-inf,-inf,-inf,-inf,-inf,-inf,-inf,-inf,-inf,-inf,-inf,-inf,-inf,-inf,-inf,-inf,-inf,-inf,-inf,-inf,-inf,-inf,-inf,-inf,-inf,-inf,-inf,-inf,-inf,-inf,-inf,-inf,-inf,-inf,-inf,-inf,-inf,-inf,-inf,-inf,-inf,-inf
194.34393310546875,-inf,-inf,178.30764770507812,-inf,-inf,-inf,-inf,-inf,-inf,-inf,-inf,-inf,184.96725463867188,-inf,-inf,-inf,-inf,-inf,-inf,-inf,-inf,-inf,-inf,-inf,-inf,-inf,-inf,-inf,-inf,-inf,-inf,-inf,122.69293975830078,-inf,-inf,-inf,-inf,-inf,-inf,-inf,-inf,-inf,-inf,-inf,-inf,-inf,-inf,-inf,134.87954711914062,-inf,-inf,-inf,-inf,-inf,-inf,176.10174560546875,-inf,-inf,-inf,-inf,-inf,-inf,-inf,194.94244384765625,-inf,-inf,212.09153747558594,-inf,-inf,-inf,-inf,-inf,-inf,-inf,-inf,-inf,-inf,-inf,-inf,-inf,-inf,-inf,-inf,-inf,-inf,-inf,-inf,-inf,-inf,-inf,-inf,-inf,205.19403076171875,-inf,-inf,190.8488006591797,160.05848693847656,-inf,-inf,-inf,-inf,-inf,-inf,-inf,-inf,-inf,-inf,-inf,-inf,-inf,-inf,-inf,-inf,-inf,-inf,-inf,-inf,-inf,-inf,-inf,-inf,-inf,-inf,-inf,-inf,-inf,-inf,-inf,-inf,-inf,-inf,-inf,-inf,-inf,-inf,-inf,-inf,-inf,-inf,-inf,-inf,-inf,-inf,-inf,-inf,-inf,-inf,-inf,-inf
-inf,-inf,-inf,-inf,-inf,-inf,-inf,-inf,189.4250030517578,-inf,-inf,-inf,-inf,193.75946044921875,-inf,-inf,-inf,-inf,-inf,-inf,-inf,-inf,-inf,-inf,-inf,-inf,-inf,-inf,171.69227600097656,-inf,-inf,-inf,-inf,-inf,-inf,-inf,-inf,-inf,-inf,-inf,-inf,-inf,-inf,-inf,-inf,189.5270233154297,-inf,-inf,-inf,-inf,-inf,-inf,-inf,-inf,-inf,-inf,236.23492431640625,-inf,-inf,-inf,118.10718536376953,-inf,-inf,-inf,-inf,-inf,-inf,-inf,-inf,-inf,-inf,-inf,-inf,-inf,-inf,-inf,-inf,-inf,-inf,-inf,-inf,-inf,-inf,-inf,-inf,186.79466247558594,-inf,-inf,-inf,-inf,-inf,-inf,-inf,-inf,-inf,-inf,-inf,-inf,-inf,-inf,-inf,-inf,-inf,-inf,-inf,-inf,-inf,-inf,-inf,-inf,-inf,-inf,-inf,-inf,-inf,-inf,-inf,-inf,-inf,-inf,-inf,-inf,-inf,-inf,-inf,-inf,-inf,-inf,-inf,-inf,-inf,-inf,-inf,-inf,-inf,-inf,-inf,-inf,-inf,-inf,-inf,-inf,-inf,-inf,-inf,-inf,-inf,-inf,-inf,-inf
-inf,-inf,-inf,-inf,-inf,-inf,-inf,-inf,-inf,-inf,-inf,-inf,-inf,-inf,162.8476104736328,-inf,-inf,-inf,-inf,-inf,-inf,-inf,174.19827270507812,-inf,-inf,-inf,-inf,-inf,-inf,-inf,-inf,-inf,-inf,-inf,-inf,-inf,-inf,-inf,-inf,204.7397003173828,-inf,-inf,-inf,-inf,-inf,-inf,-inf,-inf,-inf,-inf,-inf,-inf,-inf,-inf,-inf,-inf,-inf,-inf,-inf,-inf,-inf,-inf,-inf,-inf,-inf,-inf,-inf,-inf,-inf,-inf,-inf,165.43336486816406,-inf,-inf,-inf,235.97584533691406,-inf,-inf,-inf,-inf,-inf,-inf,-inf,-inf,-inf,-inf,-inf,-inf,-inf,-inf,-inf,-inf,-inf,-inf,-inf,-inf,-inf,-inf,-inf,-inf,-inf,-inf,-inf,-inf,-inf,-inf,-inf,-inf,-inf,-inf,-inf,-inf,-inf,-inf,-inf,-inf,-inf,-inf,-inf,-inf,-inf,-inf,-inf,-inf,-inf,-inf,-inf,-inf,-inf,-inf,-inf,-inf,-inf,-inf,-inf,-inf,-inf,-inf,-inf,-inf,-inf,-inf,-inf,-inf,-inf,-inf,-inf,-inf,-inf,-inf
-inf,-inf,-inf,-inf,-inf,-inf,-inf,-inf,-inf,-inf,-inf,-inf,-inf,-inf,234.24293518066406,-inf,-inf,-inf,-inf,188.1630401611328,-inf,-inf,-inf,-inf,-inf,-inf,-inf,-inf,-inf,-inf,-inf,-inf,-inf,-inf,-inf,-inf,-inf,-inf,-inf,-inf,-inf,-inf,153.5782470703125,-inf,-inf,-inf,-inf,-inf,-inf,-inf,-inf,178.83413696289062,-inf,-inf,-inf,-inf,-inf,-inf,-inf,-inf,-inf,-inf,180.9322052001953,-inf,-inf,-inf,-inf,-inf,-inf,-inf,-inf,-inf,-inf,-inf,195.49818420410156,-inf,-inf,-inf,-inf,-inf,-inf,-inf,-inf,-inf,-inf,-inf,-inf,-inf,-inf,-inf,-inf,-inf,-inf,-inf,234.60008239746094,-inf,-inf,-inf,-inf,-inf,247.77745056152344,251.56082153320312,244.85107421875,244.69935607910156,247.18605041503906,249.28407287597656,-inf,-inf,-inf,-inf,-inf,-inf,-inf,-inf,-inf,-inf,-inf,-inf,-inf,-inf,-inf,-inf,-inf,-inf,-inf,-inf,-inf,-inf,-inf,-inf,-inf,-inf,-inf,-inf,-inf,-inf,-inf,-inf,-inf,-inf,-inf,-inf,-inf,-inf,-inf,-inf,-inf,-inf,-inf,-inf
-inf,-inf,-inf,-inf,-inf,186.26370239257812,-inf,-inf,-inf,-inf,-inf,-inf,200.3125,-inf,-inf,-inf,-inf,-inf,-inf,-inf,-inf,-inf,-inf,-inf,218.3402099609375,-inf,-inf,-inf,-inf,-inf,-inf,-inf,-inf,-inf,-inf,-inf,-inf,-inf,-inf,-inf,211.70538330078125,-inf,-inf,-inf,-inf,-inf,-inf,-inf,-inf,-inf,-inf,-inf,-inf,-inf,-inf,-inf,-inf,-inf,-inf,-inf,148.08934020996094,-inf,-inf,-inf,-inf,-inf,-inf,-inf,-inf,-inf,-inf,-inf,-inf,-inf,-inf,-inf,-inf,163.47764587402344,-inf,-inf,-inf,-inf,-inf,-inf,-inf,-inf,-inf,-inf,-inf,-inf,-inf,-inf,-inf,-inf,-inf,-inf,-inf,-inf,-inf,-inf,-inf,-inf,-inf,-inf,-inf,-inf,-inf,-inf,-inf,-inf,-inf,-inf,-inf,-inf,-inf,-inf,-inf,-inf,-inf,-inf,-inf,-inf,-inf,-inf,-inf,-inf,-inf,-inf,-inf,-inf,-inf,-inf,-inf,-inf,-inf,-inf,-inf,-inf,-inf,-inf,-inf,-inf,-inf,-inf,-inf,-inf,-inf,-inf,-inf,-inf
-inf,-inf,-inf,-inf,-inf,-inf,-inf,-inf,-inf,-inf,-inf,-inf,-inf,-inf,-inf,-inf,-inf,-inf,-inf,-inf,-inf,-inf,-inf,-inf,-inf,-inf,-inf,-inf,206.00643920898438,-inf,-inf,-inf,154.25230407714844,-inf,-inf,-inf,-inf,-inf,-inf,-inf,-inf,-inf,-inf,-inf,-inf,-inf,-inf,-inf,-inf,-inf,-inf,-inf,-inf,-inf,-inf,-inf,-inf,194.796142578125,-inf,-inf,-inf,-inf,-inf,-inf,-inf,-inf,-inf,-inf,-inf,-inf,-inf,-inf,-inf,-inf,-inf,-inf,190.61874389648438,-inf,-inf,-inf,109.9971923828125,188.48886108398438,-inf,-inf,-inf,-inf,-inf,-inf,-inf,190.96340942382812,-inf,-inf,-inf,-inf,-inf,-inf,-inf,-inf,-inf,-inf,264.5020446777344,266.70953369140625,261.7933349609375,266.6841125488281,262.48089599609375,264.8367004394531,212.7812957763672,-inf,-inf,-inf,-inf,-inf,-inf,-inf,-inf,-inf,-inf,-inf,-inf,-inf,-inf,-inf,-inf,-inf,-inf,-inf,-inf,-inf,-inf,-inf,-inf,-inf,-inf,-inf,-inf,-inf,-inf,-inf,-inf,-inf,-inf,-inf,-inf,-inf,-inf,-inf,-inf,-inf,-inf,-inf
-inf,-inf,-inf,197.30303955078125,-inf,-inf,-inf,-inf,-inf,-inf,-inf,-inf,-inf,-inf,-inf,-inf,-inf,-inf,-inf,-inf,-inf,-inf,223.7473907470703,-inf,-inf,-inf,-inf,-inf,-inf,-inf,-inf,-inf,-inf,-inf,126.80667114257812,-inf,-inf,-inf,207.38162231445312,-inf,-inf,-inf,-inf,181.83653259277344,-inf,-inf,-inf,-inf,-inf,-inf,130.17022705078125,-inf,-inf,-inf,-inf,-inf,-inf,-inf,-inf,-inf,-inf,-inf,-inf,-inf,-inf,-inf,-inf,-inf,-inf,-inf,-inf,-inf,-inf,-inf,-inf,-inf,-inf,-inf,-inf,-inf,-inf,-inf,179.98941040039062,-inf,-inf,-inf,-inf,-inf,-inf,-inf,-inf,-inf,-inf,-inf,-inf,-inf,-inf,-inf,164.12799072265625,185.052978515625,-inf,-inf,-inf,-inf,-inf,-inf,-inf,-inf,-inf,-inf,-inf,-inf,-inf,-inf,-inf,-inf,-inf,-inf,-inf,-inf,-inf,-inf,-inf,-inf,-inf,-inf,-inf,-inf,-inf,-inf,-inf,-inf,-inf,-inf,-inf,-inf,-inf,-inf,-inf,-inf,-inf,-inf,-inf,-inf,-inf,-inf,-inf,-inf,-inf,-inf
176.42469787597656,-inf,-inf,-inf,-inf,-inf,-inf,-inf,-inf,-inf,-inf,-inf,-inf,-inf,-inf,-inf,-inf,179.02073669433594,-inf,-inf,249.43955993652344,-inf,-inf,-inf,-inf,175.52084350585938,-inf,-inf,-inf,-inf,-inf,-inf,-inf,-inf,-inf,-inf,184.2723388671875,-inf,-inf,-inf,-inf,-inf,-inf,-inf,-inf,-inf,-inf,-inf,168.02857971191406,171.5642852783203,-inf,-inf,172.7622833251953,-inf,-inf,-inf,-inf,-inf,-inf,-inf,-inf,-inf,-inf,-inf,-inf,-inf,206.6143341064453,-inf,-inf,-inf,-inf,-inf,-inf,-inf,-inf,-inf,-inf,-inf,-inf,-inf,-inf,171.7734375,-inf,-inf,-inf,-inf,-inf,-inf,-inf,-inf,-inf,-inf,-inf,-inf,-inf,-inf,141.79515075683594,-inf,-inf,-inf,-inf,-inf,-inf,-inf,-inf,-inf,-inf,-inf,-inf,-inf,-inf,-inf,-inf,-inf,-inf,-inf,-inf,-inf,-inf,-inf,-inf,-inf,-inf,-inf,-inf,-inf,-inf,-inf,-inf,-inf,-inf,-inf,-inf,-inf,-inf,-inf,-inf,-inf,-inf,-inf,-inf,-inf,-inf,-inf,-inf,-inf,-inf,-inf,-inf,-inf
-inf,-inf,-inf,165.3477783203125,-inf,-inf,192.155029296875,-inf,-inf,-inf,-inf,-inf,-inf,-inf,-inf,-inf,-inf,-inf,-inf,126.22994232177734,-inf,-inf,-inf,187.3125457763672,-inf,-inf,-inf,-inf,-inf,-inf,-inf,-inf,-inf,-inf,-inf,-inf,-inf,-inf,-inf,-inf,-inf,-inf,-inf,-inf,-inf,-inf,-inf,-inf,-inf,-inf,-inf,185.29946899414062,-inf,-inf,-inf,-inf,-inf,-inf,-inf,-inf,-inf,-inf,197.22047424316406,-inf,-inf,-inf,-inf,-inf,-inf,-inf,174.74154663085938,207.16522216796875,-inf,-inf,-inf,-inf,-inf,-inf,-inf,-inf,-inf,-inf,-inf,142.5269012451172,-inf,-inf,-inf,163.53099060058594,-inf,-inf,-inf,-inf,-inf,-inf,173.3460693359375,-inf,-inf,-inf,-inf,208.6273651123047,-inf,-inf,-inf,-inf,-inf,-inf,-inf,-inf,-inf,-inf,-inf,-inf,-inf,-inf,-inf,-inf,-inf,-inf,-inf,-inf,-inf,-inf,-inf,-inf,-inf,-inf,-inf,-inf,-inf,-inf,-inf,-inf,-inf,-inf,-inf,-inf,-inf,-inf,-inf,-inf,-inf,-inf,-inf,-inf,-inf,-inf,-inf,-inf,-inf,-inf
-inf,-inf,-inf,-inf,-inf,-inf,-inf,-inf,192.7586669921875,-inf,-inf,-inf,160.14590454101562,-inf,-inf,-inf,-inf,-inf,-inf,-inf,-inf,-inf,-inf,-inf,-inf,-inf,-inf,-inf,256.89288330078125,-inf,-inf,-inf,-inf,-inf,-inf,-inf,-inf,-inf,-inf,-inf,-inf,-inf,-inf,-inf,181.67379760742188,-inf,-inf,-inf,-inf,183.3504638671875,-inf,-inf,-inf,-inf,-inf,-inf,151.24197387695312,-inf,-inf,-inf,-inf,-inf,-inf,-inf,-inf,-inf,-inf,-inf,-inf,-inf,-inf,-inf,-inf,174.01805114746094,-inf,-inf,244.602294921875,-inf,-inf,-inf,-inf,191.37977600097656,-inf,-inf,-inf,-inf,-inf,-inf,-inf,-inf,-inf,-inf,-inf,-inf,-inf,-inf,-inf,-inf,-inf,-inf,-inf,-inf,-inf,-inf,-inf,-inf,-inf,-inf,-inf,-inf,-inf,-inf,-inf,-inf,-inf,-inf,-inf,-inf,-inf,-inf,-inf,-inf,-inf,-inf,-inf,-inf,-inf,-inf,-inf,-inf,-inf,-inf,-inf,-inf,-inf,-inf,-inf,-inf,-inf,-inf,-inf,-inf,-inf,-inf,-inf,-inf,-inf,-inf,-inf,-inf
-inf,-inf,-inf,-inf,-inf,-inf,-inf,-inf,-inf,-inf,-inf,-inf,-inf,-inf,-inf,-inf,-inf,177.2382049560547,-inf,-inf,-inf,-inf,-inf,-inf,-inf,-inf,-inf,-inf,173.58738708496094,-inf,-inf,-inf,147.57952880859375,-inf,-inf,-inf,-inf,-inf,-inf,-inf,-inf,190.34092712402344,-inf,-inf,249.1232452392578,-inf,-inf,-inf,-inf,-inf,-inf,-inf,-inf,-inf,-inf,-inf,-inf,-inf,-inf,-inf,-inf,-inf,-inf,-inf,193.85137939453125,-inf,-inf,-inf,-inf,-inf,-inf,-inf,-inf,195.92811584472656,-inf,-inf,-inf,-inf,-inf,-inf,-inf,170.07815551757812,-inf,-inf,-inf,-inf,-inf,-inf,-inf,-inf,-inf,-inf,-inf,-inf,-inf,-inf,-inf,-inf,-inf,-inf,-inf,-inf,-inf,-inf,-inf,-inf,-inf,-inf,-inf,-inf,-inf,-inf,-inf,-inf,-inf,-inf,-inf,-inf,-inf,-inf,-inf,-inf,-inf,-inf,-inf,-inf,-inf,-inf,-inf,-inf,-inf,-inf,-inf,-inf,-inf,-inf,-inf,-inf,-inf,-inf,-inf,-inf,-inf,-inf,-inf,-inf,-inf,-inf,-inf,-inf
-inf,170.47694396972656,-inf,-inf,-inf,-inf,-inf,-inf,-inf,-inf,-inf,-inf,-inf,-inf,-inf,-inf,-inf,-inf,-inf,-inf,-inf,-inf,-inf,-inf,174.25222778320312,192.96726989746094,-inf,-inf,-inf,-inf,-inf,-inf,-inf,-inf,-inf,-inf,236.43942260742188,-inf,-inf,-inf,139.9729461669922,-inf,-inf,-inf,-inf,-inf,-inf,-inf,-inf,-inf,-inf,-inf,-inf,-inf,-inf,-inf,-inf,189.92030334472656,-inf,-inf,-inf,-inf,-inf,-inf,-inf,167.3332061767578,-inf,-inf,202.13380432128906,-inf,-inf,-inf,-inf,-inf,-inf,-inf,-inf,-inf,-inf,-inf,-inf,-inf,-inf,-inf,-inf,-inf,-inf,-inf,-inf,-inf,-inf,-inf,-inf,-inf,-inf,-inf,-inf,-inf,-inf,-inf,-inf,-inf,-inf,-inf,-inf,-inf,-inf,-inf,-inf,-inf,-inf,-inf,-inf,-inf,-inf,-inf,-inf,-inf,-inf,-inf,-inf,-inf,-inf,-inf,-inf,-inf,-inf,-inf,-inf,-inf,-inf,-inf,-inf,-inf,-inf,-inf,-inf,-inf,-inf,-inf,-inf,-inf,-inf,-inf,-inf,-inf,-inf,-inf,-inf,-inf
-inf,-inf,-inf,-inf,-inf,-inf,209.81277465820312,-inf,-inf,-inf,-inf,-inf,-inf,-inf,-inf,-inf,-inf,-inf,144.8096923828125,-inf,-inf,-inf,-inf,172.10252380371094,-inf,-inf,-inf,-inf,-inf,-inf,-inf,175.86929321289062,-inf,-inf,189.35609436035156,-inf,-inf,-inf,-inf,-inf,-inf,-inf,-inf,-inf,-inf,-inf,-inf,-inf,-inf,-inf,-inf,-inf,-inf,-inf,-inf,172.9252471923828,-inf,-inf,-inf,-inf,-inf,-inf,-inf,-inf,-inf,-inf,-inf,-inf,-inf,-inf,-inf,-inf,-inf,-inf,-inf,-inf,-inf,-inf,-inf,-inf,-inf,-inf,-inf,-inf,-inf,-inf,176.23037719726562,-inf,-inf,-inf,-inf,-inf,-inf,-inf,-inf,-inf,-inf,-inf,-inf,-inf,-inf,-inf,-inf,-inf,-inf,-inf,-inf,-inf,-inf,-inf,-inf,-inf,-inf,-inf,-inf,-inf,-inf,-inf,-inf,-inf,-inf,-inf,-inf,-inf,-inf,-inf,-inf,-inf,-inf,-inf,-inf,-inf,-inf,-inf,-inf,-inf,-inf,-inf,-inf,-inf,-inf,-inf,-inf,-inf,-inf,-inf,-inf,-inf,-inf,-inf
-inf,-inf,-inf,-inf,-inf,-inf,-inf,-inf,-inf,245.18016052246094,-inf,-inf,-inf,115.39875030517578,-inf,-inf,-inf,-inf,-inf,-inf,-inf,-inf,-inf,-inf,176.25096130371094,-inf,-inf,-inf,-inf,-inf,-inf,-inf,192.1122283935547,-inf,-inf,-inf,-inf,-inf,-inf,-inf,-inf,-inf,-inf,-inf,-inf,160.17446899414062,-inf,-inf,-inf,-inf,-inf,-inf,-inf,-inf,-inf,-inf,177.38671875,173.5392608642578,-inf,-inf,-inf,-inf,-inf,-inf,185.8219757080078,-inf,-inf,-inf,-inf,-inf,-inf,-inf,-inf,159.97227478027344,-inf,-inf,-inf,-inf,-inf,-inf,-inf,-inf,-inf,-inf,-inf,-inf,-inf,-inf,-inf,-inf,-inf,-inf,-inf,-inf,-inf,-inf,-inf,-inf,-inf,-inf,255.3642578125,257.555419921875,257.3952941894531,255.39755249023438,258.6273193359375,253.03189086914062,-inf,-inf,-inf,-inf,-inf,-inf,-inf,-inf,-inf,-inf,-inf,-inf,-inf,-inf,-inf,-inf,-inf,-inf,-inf,-inf,-inf,-inf,-inf,-inf,-inf,-inf,-inf,-inf,-inf,-inf,-inf,-inf,-inf,-inf,-inf,-inf,-inf,-inf,-inf,-inf,-inf,-inf,-inf,-inf
-inf,-inf,-inf,-inf,-inf,-inf,-inf,-inf,-inf,-inf,-inf,-inf,228.0009307861328,-inf,-inf,-inf,-inf,-inf,-inf,-inf,-inf,-inf,-inf,-inf,-inf,-inf,-inf,-inf,-inf,178.0597381591797,-inf,-inf,-inf,-inf,-inf,-inf,-inf,-inf,-inf,-inf,151.221923828125,-inf,-inf,-inf,-inf,-inf,-inf,-inf,-inf,-inf,-inf,-inf,-inf,172.5454559326172,-inf,-inf,-inf,-inf,-inf,-inf,170.70401000976562,-inf,-inf,-inf,-inf,-inf,-inf,-inf,-inf,-inf,-inf,-inf,174.33299255371094,-inf,-inf,-inf,-inf,-inf,-inf,-inf,-inf,-inf,-inf,-inf,-inf,-inf,-inf,-inf,108.78749084472656,-inf,-inf,-inf,-inf,-inf,-inf,-inf,-inf,-inf,-inf,-inf,208.4163055419922,218.98202514648438,213.44970703125,210.55381774902344,213.6968536376953,219.16815185546875,-inf,-inf,-inf,-inf,-inf,-inf,-inf,-inf,-inf,-inf,-inf,-inf,-inf,-inf,-inf,-inf,-inf,-inf,-inf,-inf,-inf,-inf,-inf,-inf,-inf,-inf,-inf,-inf,-inf,-inf,-inf,-inf,-inf,-inf,-inf,-inf,-inf,-inf,-inf,-inf,-inf,-inf,-inf,-inf
-inf,-inf,-inf,-inf,-inf,-inf,-inf,-inf,-inf,-inf,-inf,-inf,-inf,180.797607421875,182.71932983398438,-inf,-inf,-inf,-inf,-inf,-inf,-inf,-inf,-inf,-inf,-inf,-inf,202.58302307128906,-inf,-inf,-inf,-inf,-inf,-inf,-inf,-inf,-inf,-inf,-inf,173.59542846679688,-inf,-inf,-inf,240.78228759765625,-inf,-inf,-inf,-inf,-inf,-inf,-inf,-inf,-inf,-inf,193.8207244873047,-inf,-inf,-inf,-inf,-inf,-inf,-inf,-inf,-inf,-inf,-inf,-inf,-inf,-inf,-inf,-inf,-inf,-inf,-inf,-inf,-inf,-inf,-inf,-inf,-inf,-inf,-inf,-inf,-inf,-inf,-inf,-inf,109.38884735107422,-inf,-inf,-inf,-inf,-inf,-inf,-inf,-inf,-inf,-inf,-inf,-inf,-inf,-inf,-inf,-inf,-inf,-inf,-inf,-inf,-inf,-inf,-inf,-inf,-inf,-inf,-inf,-inf,-inf,-inf,-inf,-inf,-inf,-inf,-inf,-inf,-inf,-inf,-inf,-inf,-inf,-inf,-inf,-inf,-inf,-inf,-inf,-inf,-inf,-inf,-inf,-inf,-inf,-inf,-inf,-inf,-inf,-inf,-inf,-inf,-inf,-inf
-inf,-inf,-inf,-inf,183.66165161132812,-inf,-inf,-inf,-inf,-inf,-inf,-inf,-inf,174.40621948242188,-inf,-inf,-inf,189.4167938232422,-inf,-inf,-inf,-inf,-inf,209.66879272460938,-inf,-inf,-inf,-inf,-inf,171.35333251953125,-inf,-inf,-inf,-inf,-inf,-inf,-inf,-inf,-inf,-inf,-inf,-inf,-inf,-inf,-inf,222.65878295898438,-inf,-inf,-inf,116.1657943725586,-inf,-inf,-inf,-inf,-inf,-inf,-inf,-inf,-inf,-inf,178.44737243652344,-inf,-inf,-inf,-inf,204.76397705078125,-inf,-inf,194.94313049316406,-inf,-inf,-inf,-inf,-inf,-inf,-inf,-inf,220.67686462402344,-inf,-inf,-inf,-inf,-inf,-inf,-inf,-inf,-inf,-inf,-inf,-inf,-inf,-inf,-inf,-inf,-inf,-inf,-inf,-inf,-inf,-inf,214.0247039794922,222.828857421875,215.91641235351562,219.84791564941406,220.45118713378906,-inf,-inf,-inf,-inf,-inf,-inf,-inf,-inf,-inf,-inf,-inf,-inf,-inf,-inf,-inf,-inf,-inf,-inf,-inf,-inf,-inf,-inf,-inf,-inf,-inf,-inf,-inf,-inf,-inf,-inf,-inf,-inf,-inf,-inf,-inf,-inf,-inf,-inf,-inf,-inf,-inf,-inf,-inf,-inf,-inf
-inf,-inf,-inf,-inf,-inf,-inf,-inf,264.0724182128906,-inf,-inf,-inf,-inf,-inf,-inf,-inf,-inf,-inf,-inf,-inf,-inf,-inf,-inf,-inf,-inf,-inf,-inf,192.72010803222656,-inf,-inf,-inf,-inf,-inf,-inf,-inf,184.4459228515625,-inf,-inf,-inf,-inf,-inf,-inf,201.32667541503906,-inf,-inf,-inf,-inf,-inf,-inf,-inf,-inf,-inf,-inf,-inf,-inf,-inf,174.87110900878906,-inf,-inf,-inf,-inf,-inf,-inf,-inf,-inf,-inf,-inf,-inf,-inf,-inf,-inf,-inf,-inf,-inf,-inf,-inf,-inf,-inf,-inf,-inf,-inf,-inf,-inf,-inf,-inf,-inf,-inf,-inf,-inf,-inf,-inf,-inf,172.8025360107422,-inf,-inf,-inf,-inf,-inf,-inf,172.37278747558594,-inf,-inf,-inf,-inf,-inf,-inf,-inf,-inf,-inf,-inf,-inf,-inf,-inf,-inf,-inf,-inf,-inf,-inf,-inf,-inf,-inf,-inf,-inf,-inf,-inf,-inf,-inf,-inf,-inf,-inf,-inf,-inf,-inf,-inf,-inf,-inf,-inf,-inf,-inf,-inf,-inf,-inf,-inf,-inf,-inf,-inf,-inf,-inf,-inf,-inf,-inf
-inf,-inf,-inf,-inf,-inf,-inf,-inf,-inf,-inf,-inf,-inf,-inf,-inf,-inf,-inf,-inf,-inf,-inf,107.38834381103516,179.7819061279297,-inf,-inf,239.9786834716797,-inf,-inf,-inf,-inf,-inf,-inf,-inf,-inf,-inf,-inf,-inf,-inf,-inf,-inf,-inf,-inf,-inf,-inf,-inf,-inf,183.18702697753906,-inf,-inf,-inf,-inf,-inf,-inf,154.18911743164062,-inf,-inf,-inf,-inf,-inf,-inf,-inf,-inf,-inf,-inf,-inf,-inf,-inf,188.04763793945312,-inf,-inf,-inf,-inf,-inf,-inf,-inf,-inf,-inf,-inf,194.5408935546875,-inf,-inf,-inf,-inf,-inf,-inf,-inf,168.15338134765625,-inf,-inf,167.82070922851562,-inf,-inf,-inf,-inf,-inf,-inf,-inf,-inf,-inf,-inf,-inf,135.46136474609375,-inf,227.14535522460938,229.8966064453125,225.11146545410156,232.03855895996094,222.19723510742188,218.28749084472656,218.8842315673828,228.68157958984375,-inf,-inf,-inf,-inf,-inf,-inf,-inf,-inf,-inf,-inf,-inf,-inf,-inf,-inf,-inf,-inf,-inf,-inf,-inf,-inf,-inf,-inf,-inf,-inf,-inf,-inf,-inf,-inf,-inf,-inf,-inf,-inf,-inf,-inf,-inf,-inf,-inf,-inf,-inf,-inf,-inf,-inf
-inf,-inf,-inf,-inf,-inf,-inf,-inf,-inf,-inf,-inf,-inf,-inf,-inf,-inf,-inf,-inf,-inf,-inf,-inf,-inf,-inf,-inf,-inf,-inf,-inf,196.931640625,-inf,-inf,-inf,-inf,-inf,-inf,261.96417236328125,-inf,-inf,-inf,-inf,-inf,-inf,-inf,-inf,-inf,-inf,-inf,170.02439880371094,-inf,-inf,-inf,-inf,-inf,-inf,-inf,-inf,-inf,-inf,-inf,-inf,193.4592742919922,-inf,-inf,-inf,-inf,-inf,-inf,196.01470947265625,-inf,-inf,-inf,-inf,-inf,-inf,-inf,-inf,-inf,229.16256713867188,-inf,-inf,-inf,-inf,-inf,-inf,-inf,-inf,-inf,-inf,-inf,-inf,-inf,-inf,-inf,-inf,-inf,120.39395904541016,-inf,-inf,-inf,159.408935546875,-inf,-inf,-inf,-inf,-inf,-inf,-inf,-inf,-inf,-inf,-inf,-inf,-inf,-inf,-inf,-inf,-inf,-inf,-inf,-inf,-inf,-inf,-inf,-inf,-inf,-inf,-inf,-inf,-inf,-inf,-inf,-inf,-inf,-inf,-inf,-inf,-inf,-inf,-inf,-inf,-inf,-inf,-inf,-inf,-inf,-inf,-inf,-inf,-inf,-inf,-inf,-inf,-inf
-inf,-inf,-inf,-inf,-inf,-inf,172.9712677001953,192.10748291015625,-inf,-inf,-inf,-inf,-inf,-inf,-inf,-inf,-inf,-inf,-inf,-inf,-inf,-inf,226.61053466796875,-inf,-inf,-inf,135.59678649902344,-inf,-inf,-inf,-inf,-inf,-inf,-inf,-inf,-inf,-inf,-inf,189.11581420898438,-inf,-inf,-inf,183.84857177734375,-inf,-inf,-inf,-inf,-inf,-inf,-inf,-inf,-inf,-inf,-inf,-inf,-inf,-inf,-inf,107.51895904541016,-inf,-inf,-inf,-inf,-inf,-inf,-inf,-inf,-inf,-inf,-inf,-inf,-inf,-inf,-inf,-inf,-inf,-inf,-inf,-inf,-inf,-inf,-inf,-inf,-inf,-inf,-inf,-inf,-inf,-inf,-inf,-inf,-inf,-inf,-inf,-inf,181.21810913085938,-inf,-inf,-inf,-inf,-inf,-inf,-inf,-inf,-inf,-inf,-inf,-inf,-inf,-inf,-inf,-inf,-inf,-inf,-inf,-inf,-inf,-inf,-inf,-inf,-inf,-inf,-inf,-inf,-inf,-inf,-inf,-inf,-inf,-inf,-inf,-inf,-inf,-inf,-inf,-inf,-inf,-inf,-inf,-inf,-inf,-inf,-inf,-inf,-inf,-inf,-inf,-inf,-inf,-inf
-inf,-inf,-inf,-inf,-inf,-inf,-inf,-inf,-inf,-inf,-inf,-inf,-inf,-inf,-inf,-inf,-inf,-inf,-inf,-inf,-inf,-inf,-inf,-inf,-inf,-inf,-inf,-inf,-inf,-inf,242.190185546875,-inf,-inf,-inf,-inf,-inf,-inf,-inf,-inf,-inf,-inf,-inf,-inf,-inf,-inf,-inf,207.0077362060547,188.61480712890625,-inf,-inf,-inf,-inf,-inf,-inf,-inf,-inf,-inf,-inf,-inf,-inf,-inf,-inf,-inf,-inf,-inf,-inf,-inf,-inf,-inf,-inf,-inf,171.8032989501953,-inf,-inf,118.72650146484375,-inf,-inf,-inf,-inf,189.43698120117188,-inf,-inf,-inf,-inf,-inf,-inf,-inf,-inf,-inf,-inf,187.02365112304688,-inf,-inf,-inf,-inf,-inf,-inf,-inf,-inf,-inf,-inf,-inf,-inf,-inf,-inf,-inf,-inf,-inf,-inf,-inf,-inf,-inf,-inf,-inf,-inf,-inf,-inf,-inf,-inf,-inf,-inf,-inf,-inf,-inf,-inf,-inf,-inf,-inf,-inf,-inf,-inf,-inf,-inf,-inf,-inf,-inf,-inf,-inf,-inf,-inf,-inf,-inf,-inf,-inf,-inf,-inf,-inf,-inf,-inf,-inf
